# OUI	Vendor	(generated by tools/make-oui-table.sh from TShark (Wireshark) 4.4.6 (v4.4.6-0-gaebb20483889).)
00:00:54	Schneider Electric
00:00:6C	Schneider Electric
00:00:D0	Develcon Electronics Ltd.
00:01:23	Schneider Electric Japan Holdings Ltd.
00:01:31	Bosch Security Systems, Inc.
00:03:93	Apple, Inc.
00:04:17	Schneider Electric
00:04:25	Atmel Corporation
00:04:63	Bosch Security Systems
00:04:74	Legrand
00:04:9F	Freescale Semiconductor
00:04:A3	Microchip Technology Inc.
00:05:02	Apple, Inc.
00:05:2F	Leviton Network Solutions
00:06:4A	Honeywell Co., Ltd. (KOREA)
00:07:68	Danfoss A/S
00:07:A6	Leviton Manufacturing Co., Inc.
00:0A:13	Honeywell Video Systems
00:0A:27	Apple, Inc.
00:0A:95	Apple, Inc.
00:0B:0F	Bosch Rexroth
00:0B:2D	Danfoss Inc.
00:0B:57	Silicon Laboratories
00:0C:6C	Eve Systems GmbH
00:0C:81	Schneider Electric (Australia)
00:0D:5C	Robert Bosch GmbH, VT-ATMO
00:0D:6F	Ember Corporation
00:0D:93	Apple, Inc.
00:0F:E7	Lutron Electronics Co., Inc.
00:10:17	Bosch Access Systems GmbH
00:10:FA	Apple, Inc.
00:11:00	Schneider Electric
00:11:12	Honeywell CMSS
00:11:24	Apple, Inc.
00:11:50	Belkin Corporation
00:12:37	Texas Instruments
00:12:4B	Texas Instruments
00:12:D1	Texas Instruments
00:12:D2	Texas Instruments
00:13:24	Schneider Electric Ultra Terminal
00:14:51	Apple, Inc.
00:15:8D	Jennic Ltd
00:15:BC	Develco
00:16:CB	Apple, Inc.
00:17:3F	Belkin International Inc.
00:17:7A	Assa Abloy Ab
00:17:83	Texas Instruments
00:17:88	Philips Lighting BV
00:17:E3	Texas Instruments
00:17:E4	Texas Instruments
00:17:E5	Texas Instruments
00:17:E6	Texas Instruments
00:17:E7	Texas Instruments
00:17:E8	Texas Instruments
00:17:E9	Texas Instruments
00:17:EA	Texas Instruments
00:17:EB	Texas Instruments
00:17:EC	Texas Instruments
00:17:F2	Apple, Inc.
00:18:2F	Texas Instruments
00:18:30	Texas Instruments
00:18:31	Texas Instruments
00:18:32	Texas Instruments
00:18:33	Texas Instruments
00:18:34	Texas Instruments
00:19:09	DEVI - Danfoss A/S
00:19:E3	Apple, Inc.
00:1A:11	Google, Inc.
00:1A:B6	Texas Instruments
00:1B:08	Danfoss Drives A/S
00:1B:63	Apple, Inc.
00:1B:86	Bosch Access Systems GmbH
00:1C:34	Huey Chiao International Co., Ltd.
00:1C:44	Bosch Security Systems BV
00:1C:B3	Apple, Inc.
00:1C:DF	Belkin International Inc.
00:1D:4F	Apple, Inc.
00:1E:1E	Honeywell Life Safety
00:1E:52	Apple, Inc.
00:1E:C0	Microchip Technology Inc.
00:1E:C2	Apple, Inc.
00:1E:C6	Leviton Manufacturing Co., Inc
00:1F:55	Honeywell Security (China) Co., Ltd.
00:1F:5B	Apple, Inc.
00:1F:EE	ubisys technologies GmbH
00:1F:F3	Apple, Inc.
00:20:04	Yamatake-Honeywell Co., Ltd.
00:20:3D	Honeywell Environmental & Combustion Controls
00:21:2E	dresden-elektronik
00:21:BA	Texas Instruments
00:21:E9	Apple, Inc.
00:22:41	Apple, Inc.
00:22:6A	Honeywell
00:22:75	Belkin International Inc.
00:22:A5	Texas Instruments
00:23:12	Apple, Inc.
00:23:32	Apple, Inc.
00:23:6C	Apple, Inc.
00:23:B6	Securite Communications / Honeywell
00:23:D4	Texas Instruments
00:23:DF	Apple, Inc.
00:24:36	Apple, Inc.
00:24:BA	Texas Instruments
00:25:00	Apple, Inc.
00:25:4B	Apple, Inc.
00:25:BC	Apple, Inc.
00:26:08	Apple, Inc.
00:26:4A	Apple, Inc.
00:26:B0	Apple, Inc.
00:26:BB	Apple, Inc.
00:26:EC	Legrand Home Systems, Inc
00:30:65	Apple, Inc.
00:30:AF	Honeywell GmbH
00:30:BD	Belkin Components
00:35:FF	Texas Instruments
00:3C:84	Silicon Laboratories
00:3E:E1	Apple, Inc.
00:40:84	Honeywell
00:4B:12	Espressif Inc.
00:50:E4	Apple, Inc.
00:56:CD	Apple, Inc.
00:5B:94	Apple, Inc.
00:60:37	NXP Semiconductors
00:61:71	Apple, Inc.
00:6D:52	Apple, Inc.
00:71:47	Amazon Technologies Inc.
00:7D:60	Apple, Inc.
00:80:A7	Honeywell International Inc
00:80:E1	STMicroelectronics SRL
00:81:2A	Apple, Inc.
00:81:F9	Texas Instruments
00:88:65	Apple, Inc.
00:8A:76	Apple, Inc.
00:90:30	Honeywell-Dating
00:A0:40	Apple, Inc.
00:AA:FD	Texas Instruments
00:B3:62	Apple, Inc.
00:BB:3A	Amazon Technologies Inc.
00:BE:44	Silicon Laboratories
00:C5:85	Apple, Inc.
00:C6:10	Apple, Inc.
00:CD:FE	Apple, Inc.
00:D0:2D	Resideo
00:DB:70	Apple, Inc.
00:F3:61	Amazon Technologies Inc.
00:F3:9F	Apple, Inc.
00:F4:B9	Apple, Inc.
00:F6:20	Google, Inc.
00:F7:6F	Apple, Inc.
00:FC:8B	Amazon Technologies Inc.
04:00:6E	Google, Inc.
04:0C:CE	Apple, Inc.
04:0D:84	Silicon Laboratories
04:13:7A	Apple, Inc.
04:15:52	Apple, Inc.
04:1E:64	Apple, Inc.
04:23:22	Texas Instruments
04:25:E8	Texas Instruments
04:26:05	Bosch Building Automation GmbH
04:26:65	Apple, Inc.
04:41:A5	Apple, Inc.
04:47:07	Texas Instruments
04:48:9A	Apple, Inc.
04:4B:ED	Apple, Inc.
04:52:F3	Apple, Inc.
04:54:53	Apple, Inc.
04:68:65	Apple, Inc.
04:69:F8	Apple, Inc.
04:72:95	Apple, Inc.
04:79:B7	Texas Instruments
04:83:08	Espressif Inc.
04:87:27	Silicon Laboratories
04:91:62	Microchip Technology Inc.
04:99:B9	Apple, Inc.
04:99:BB	Apple, Inc.
04:9D:05	Apple, Inc.
04:A3:16	Texas Instruments
04:BC:6D	Apple, Inc.
04:BF:D5	Apple, Inc.
04:CD:15	Silicon Laboratories
04:CE:7E	NXP France Semiconductors France
04:D3:CF	Apple, Inc.
04:DB:56	Apple, Inc.
04:E3:E5	Silicon Laboratories
04:E4:51	Texas Instruments
04:E5:36	Apple, Inc.
04:EE:03	Texas Instruments
04:F1:3E	Apple, Inc.
04:F7:E4	Apple, Inc.
08:00:07	Apple, Inc.
08:00:28	Texas Instruments
08:04:B4	Texas Instruments
08:12:A5	Amazon Technologies Inc.
08:25:73	Apple, Inc.
08:2C:B6	Apple, Inc.
08:3A:8D	Espressif Inc.
08:3A:F2	Espressif Inc.
08:4B:44	Robert Bosch Elektronika Kft.
08:57:FB	Amazon Technologies Inc.
08:5D:53	Apple, Inc.
08:62:02	Apple, Inc.
08:65:18	Apple, Inc.
08:66:98	Apple, Inc.
08:6A:E5	Amazon Technologies Inc.
08:6B:D7	Silicon Laboratories
08:6D:41	Apple, Inc.
08:70:45	Apple, Inc.
08:74:02	Apple, Inc.
08:7C:39	Amazon Technologies Inc.
08:84:9D	Amazon Technologies Inc.
08:86:3B	Belkin International Inc.
08:87:C7	Apple, Inc.
08:8B:C8	Google, Inc.
08:8E:DC	Apple, Inc.
08:91:15	Amazon Technologies Inc.
08:91:A3	Amazon Technologies Inc.
08:95:42	Apple, Inc.
08:9E:08	Google, Inc.
08:A6:BC	Amazon Technologies Inc.
08:A6:F7	Espressif Inc.
08:B4:B1	Google, Inc.
08:B6:1F	Espressif Inc.
08:B9:5F	Silicon Laboratories
08:C2:24	Amazon Technologies Inc.
08:C7:29	Apple, Inc.
08:C7:B5	Apple, Inc.
08:D1:F9	Espressif Inc.
08:D5:93	Texas Instruments
08:DD:EB	Silicon Laboratories
08:E6:89	Apple, Inc.
08:F4:AB	Apple, Inc.
08:F6:9C	Apple, Inc.
08:F8:BC	Apple, Inc.
08:F9:E0	Espressif Inc.
08:FD:52	Silicon Laboratories
08:FF:44	Apple, Inc.
0C:0A:DF	Texas Instruments
0C:15:39	Apple, Inc.
0C:15:63	Apple, Inc.
0C:19:F8	Apple, Inc.
0C:1C:57	Texas Instruments
0C:23:69	Honeywell SPS
0C:2A:6F	Silicon Laboratories
0C:30:21	Apple, Inc.
0C:3B:50	Apple, Inc.
0C:3E:9F	Apple, Inc.
0C:43:14	Silicon Laboratories
0C:43:F9	Amazon Technologies Inc.
0C:47:C9	Amazon Technologies Inc.
0C:4B:EE	Texas Instruments
0C:4D:E9	Apple, Inc.
0C:4E:A0	Espressif Inc.
0C:51:01	Apple, Inc.
0C:51:7E	Apple, Inc.
0C:53:B7	Apple, Inc.
0C:61:CF	Texas Instruments
0C:6A:C4	Apple, Inc.
0C:74:C2	Apple, Inc.
0C:77:1A	Apple, Inc.
0C:85:E1	Apple, Inc.
0C:8B:95	Espressif Inc.
0C:A6:4C	Hangzhou Ezviz Software Co.,Ltd.
0C:AE:5F	Silicon Laboratories
0C:AE:7D	Texas Instruments
0C:B2:B7	Texas Instruments
0C:B8:15	Espressif Inc.
0C:BC:9F	Apple, Inc.
0C:C4:13	Google, Inc.
0C:C5:6C	Apple, Inc.
0C:D7:46	Apple, Inc.
0C:DB:EA	Apple, Inc.
0C:DC:7E	Espressif Inc.
0C:DC:91	Amazon Technologies Inc.
0C:E4:41	Apple, Inc.
0C:EC:80	Texas Instruments
0C:EE:99	Amazon Technologies Inc.
0C:EF:F6	Silicon Laboratories
10:00:20	Apple, Inc.
10:00:3B	Espressif Inc.
10:06:1C	Espressif Inc.
10:08:2C	Texas Instruments
10:09:F9	Amazon Technologies Inc.
10:1C:0C	Apple, Inc.
10:20:BA	Espressif Inc.
10:29:59	Apple, Inc.
10:2E:AF	Texas Instruments
10:2F:CA	Apple, Inc.
10:30:25	Apple, Inc.
10:40:F3	Apple, Inc.
10:41:7F	Apple, Inc.
10:51:DB	Espressif Inc.
10:52:1C	Espressif Inc.
10:5A:17	Tuya Smart Inc.
10:66:50	Robert Bosch JuP1
10:91:A8	Espressif Inc.
10:93:E9	Apple, Inc.
10:94:BB	Apple, Inc.
10:96:93	Amazon Technologies Inc.
10:97:BD	Espressif Inc.
10:9A:DD	Apple, Inc.
10:9F:41	Apple, Inc.
10:A2:D3	Apple, Inc.
10:A4:50	Kwikset
10:AE:60	Amazon Technologies Inc.
10:B5:88	Apple, Inc.
10:B9:C4	Apple, Inc.
10:BD:3A	Apple, Inc.
10:BF:67	Amazon Technologies Inc.
10:CA:BF	Texas Instruments
10:CE:02	Amazon Technologies Inc.
10:CE:A9	Texas Instruments
10:CE:E9	Apple, Inc.
10:CF:0F	Apple, Inc.
10:D5:61	Tuya Smart Inc.
10:DA:63	Apple, Inc.
10:DD:B1	Apple, Inc.
10:E2:C9	Apple, Inc.
10:E7:7A	STMicrolectronics International NV
14:0A:C5	Amazon Technologies Inc.
14:10:9F	Apple, Inc.
14:14:7D	Apple, Inc.
14:1A:97	Apple, Inc.
14:1B:A0	Apple, Inc.
14:20:5E	Apple, Inc.
14:22:3B	Google, Inc.
14:28:76	Apple, Inc.
14:2B:2F	Espressif Inc.
14:2D:41	Silicon Laboratories
14:2D:4D	Apple, Inc.
14:33:5C	Espressif Inc.
14:35:B7	Apple, Inc.
14:41:46	Honeywell (China) Co., LTD
14:42:FC	Texas Instruments
14:5A:05	Apple, Inc.
14:60:CB	Apple, Inc.
14:7D:DA	Apple, Inc.
14:7F:0F	Texas Instruments
14:7F:CE	Apple, Inc.
14:85:09	Apple, Inc.
14:87:6A	Apple, Inc.
14:88:E6	Apple, Inc.
14:8F:C6	Apple, Inc.
14:91:38	Amazon Technologies Inc.
14:91:82	Belkin International Inc.
14:94:6C	Apple, Inc.
14:95:CE	Apple, Inc.
14:98:77	Apple, Inc.
14:99:E2	Apple, Inc.
14:9C:EF	Texas Instruments
14:9D:99	Apple, Inc.
14:B4:57	Silicon Laboratories
14:BD:61	Apple, Inc.
14:C1:4E	Google, Inc.
14:C2:13	Apple, Inc.
14:C8:8B	Apple, Inc.
14:D0:0D	Apple, Inc.
14:D1:9E	Apple, Inc.
14:F2:87	Apple, Inc.
18:04:ED	Texas Instruments
18:0B:1B	Amazon Technologies Inc.
18:0D:F9	Silicon Laboratories
18:20:32	Apple, Inc.
18:2C:65	Texas Instruments
18:34:51	Apple, Inc.
18:3E:EF	Apple, Inc.
18:3F:70	Apple, Inc.
18:45:16	Texas Instruments
18:48:BE	Amazon Technologies Inc.
18:4A:53	Apple, Inc.
18:55:E3	Apple, Inc.
18:56:C3	Apple, Inc.
18:62:E4	Texas Instruments
18:65:90	Apple, Inc.
18:69:D8	Tuya Smart Inc.
18:74:2E	Amazon Technologies Inc.
18:7A:3E	Silicon Laboratories
18:7E:B9	Apple, Inc.
18:81:0E	Apple, Inc.
18:8B:0E	Espressif Inc.
18:93:D7	Texas Instruments
18:9E:FC	Apple, Inc.
18:AF:61	Apple, Inc.
18:AF:8F	Apple, Inc.
18:B4:30	Nest Labs Inc.
18:C2:3C	Lumi United Technology Co., Ltd
18:DE:50	Tuya Smart Inc.
18:E7:B0	Apple, Inc.
18:E7:F4	Apple, Inc.
18:E8:EC	STMicrolectronics International NV
18:EE:69	Apple, Inc.
18:F1:D8	Apple, Inc.
18:F6:43	Apple, Inc.
18:FA:B7	Apple, Inc.
18:FE:34	Espressif Inc.
1C:0D:7D	Apple, Inc.
1C:0E:C2	Apple, Inc.
1C:12:B0	Amazon Technologies Inc.
1C:1A:C0	Apple, Inc.
1C:1D:D3	Apple, Inc.
1C:34:F1	Silicon Laboratories
1C:36:BB	Apple, Inc.
1C:3C:78	Apple, Inc.
1C:45:93	Texas Instruments
1C:4D:66	Amazon Technologies Inc.
1C:53:F9	Google, Inc.
1C:57:DC	Apple, Inc.
1C:5C:F2	Apple, Inc.
1C:61:BF	Apple, Inc.
1C:63:49	Texas Instruments
1C:69:20	Espressif Inc.
1C:6A:76	Apple, Inc.
1C:71:25	Apple, Inc.
1C:86:82	Apple, Inc.
1C:90:FF	Tuya Smart Inc.
1C:91:48	Apple, Inc.
1C:91:80	Apple, Inc.
1C:93:C4	Amazon Technologies Inc.
1C:9D:C2	Espressif Inc.
1C:9E:46	Apple, Inc.
1C:AB:A7	Apple, Inc.
1C:B3:C9	Apple, Inc.
1C:BA:8C	Texas Instruments
1C:C0:89	Silicon Laboratories
1C:DF:52	Texas Instruments
1C:E2:09	Apple, Inc.
1C:E2:CC	Texas Instruments
1C:E6:2B	Apple, Inc.
1C:F2:9A	Google, Inc.
1C:F6:4C	Apple, Inc.
1C:F9:D5	Apple, Inc.
1C:FE:2B	Amazon Technologies Inc.
20:04:84	Apple, Inc.
20:0B:16	Texas Instruments
20:0E:2B	Apple, Inc.
20:15:82	Apple, Inc.
20:1A:94	Apple, Inc.
20:1F:3B	Google, Inc.
20:2D:F6	Apple, Inc.
20:32:C6	Apple, Inc.
20:37:A5	Apple, Inc.
20:3C:AE	Apple, Inc.
20:43:A8	Espressif Inc.
20:44:3A	Schneider Electric Asia Pacific Ltd
20:69:80	Apple, Inc.
20:76:8F	Apple, Inc.
20:78:CD	Apple, Inc.
20:78:F0	Apple, Inc.
20:7D:74	Apple, Inc.
20:8B:D1	NXP Semiconductor (Tianjin) LTD.
20:91:48	Texas Instruments
20:91:DF	Apple, Inc.
20:9B:CD	Apple, Inc.
20:A1:71	Amazon Technologies Inc.
20:A2:E4	Apple, Inc.
20:A5:CB	Apple, Inc.
20:AB:37	Apple, Inc.
20:BB:BC	Hangzhou Ezviz Software Co.,Ltd.
20:BE:B8	Amazon Technologies Inc.
20:C3:8F	Texas Instruments
20:C9:D0	Apple, Inc.
20:CD:39	Texas Instruments
20:D7:78	Texas Instruments
20:DF:B9	Google, Inc.
20:E2:A8	Apple, Inc.
20:E8:74	Apple, Inc.
20:EE:28	Apple, Inc.
20:F0:94	Google, Inc.
20:FA:85	Apple, Inc.
20:FE:00	Amazon Technologies Inc.
24:05:88	Google, Inc.
24:0A:C4	Espressif Inc.
24:1B:7A	Apple, Inc.
24:1E:EB	Apple, Inc.
24:24:0E	Apple, Inc.
24:29:34	Google, Inc.
24:4C:AB	Espressif Inc.
24:4C:E3	Amazon Technologies Inc.
24:58:7C	Espressif Inc.
24:5B:A7	Apple, Inc.
24:5E:48	Apple, Inc.
24:62:AB	Espressif Inc.
24:6F:28	Espressif Inc.
24:71:89	Texas Instruments
24:76:25	Texas Instruments
24:7D:4D	Texas Instruments
24:95:2F	Google, Inc.
24:9F:89	Texas Instruments
24:A0:74	Apple, Inc.
24:A1:60	Espressif Inc.
24:A2:E1	Apple, Inc.
24:AB:81	Apple, Inc.
24:B2:DE	Espressif Inc.
24:B3:39	Apple, Inc.
24:CE:33	Amazon Technologies Inc.
24:D0:DF	Apple, Inc.
24:D7:EB	Espressif Inc.
24:DC:C3	Espressif Inc.
24:E3:14	Apple, Inc.
24:E5:0F	Google, Inc.
24:EC:4A	Espressif Inc.
24:F0:94	Apple, Inc.
24:F5:A2	Belkin International Inc.
24:F6:77	Apple, Inc.
24:FD:5B	SmartThings, Inc.
28:02:2E	Apple, Inc.
28:02:44	Apple, Inc.
28:0B:5C	Apple, Inc.
28:24:C9	Amazon Technologies Inc.
28:29:86	APC by Schneider Electric
28:2D:7F	Apple, Inc.
28:34:FF	Apple, Inc.
28:37:2F	Espressif Inc.
28:37:37	Apple, Inc.
28:3C:90	Texas Instruments
28:56:2F	Espressif Inc.
28:5A:EB	Apple, Inc.
28:68:47	Silicon Laboratories
28:6A:B8	Apple, Inc.
28:6A:BA	Apple, Inc.
28:6D:97	SAMJIN Co., Ltd.
28:73:F6	Amazon Technologies Inc.
28:76:81	Silicon Laboratories
28:77:F1	Apple, Inc.
28:82:7C	Bosch Automative products(Suzhou)Co.,Ltd Changzhou Branch
28:83:C9	Apple, Inc.
28:8E:EC	Apple, Inc.
28:8F:F6	Apple, Inc.
28:9E:DF	Danfoss Turbocor Compressors, Inc
28:A0:2B	Apple, Inc.
28:B5:E8	Texas Instruments
28:BD:89	Google, Inc.
28:C1:A0	Apple, Inc.
28:C5:38	Apple, Inc.
28:C7:09	Apple, Inc.
28:CF:DA	Apple, Inc.
28:CF:E9	Apple, Inc.
28:DB:A7	Silicon Laboratories
28:E0:2C	Apple, Inc.
28:E1:4C	Apple, Inc.
28:E7:CF	Apple, Inc.
28:EA:2D	Apple, Inc.
28:EC:95	Apple, Inc.
28:EC:9A	Texas Instruments
28:ED:6A	Apple, Inc.
28:EF:01	Amazon Technologies Inc.
28:F0:33	Apple, Inc.
28:F0:76	Apple, Inc.
28:FF:3C	Apple, Inc.
2C:11:65	Silicon Laboratories
2C:18:09	Apple, Inc.
2C:1F:23	Apple, Inc.
2C:20:0B	Apple, Inc.
2C:32:6A	Apple, Inc.
2C:33:61	Apple, Inc.
2C:3A:E8	Espressif Inc.
2C:57:CE	Apple, Inc.
2C:61:F6	Apple, Inc.
2C:6B:7D	Texas Instruments
2C:71:FF	Amazon Technologies Inc.
2C:76:00	Apple, Inc.
2C:7C:F2	Apple, Inc.
2C:81:BF	Apple, Inc.
2C:82:17	Apple, Inc.
2C:A7:74	Texas Instruments
2C:AB:33	Texas Instruments
2C:B4:3A	Apple, Inc.
2C:BC:87	Apple, Inc.
2C:BC:BB	Espressif Inc.
2C:BE:08	Apple, Inc.
2C:C2:53	Apple, Inc.
2C:CA:16	Apple, Inc.
2C:CA:75	Robert Bosch GmbH AnP
2C:D3:AD	Texas Instruments
2C:F0:A2	Apple, Inc.
2C:F0:EE	Apple, Inc.
2C:F4:32	Espressif Inc.
2C:FE:8B	Microchip Technologies Inc
30:10:E4	Apple, Inc.
30:23:03	Belkin International Inc.
30:30:D0	Texas Instruments
30:30:F9	Espressif Inc.
30:35:AD	Apple, Inc.
30:3B:7C	Apple, Inc.
30:45:11	Texas Instruments
30:57:14	Apple, Inc.
30:63:6B	Apple, Inc.
30:82:16	Apple, Inc.
30:83:98	Espressif Inc.
30:90:48	Apple, Inc.
30:90:AB	Apple, Inc.
30:AE:A4	Espressif Inc.
30:AF:7E	Texas Instruments
30:C6:F7	Espressif Inc.
30:C9:22	Espressif Inc.
30:D5:3E	Apple, Inc.
30:D7:A1	Apple, Inc.
30:D8:75	Apple, Inc.
30:D9:D9	Apple, Inc.
30:E0:4F	Apple, Inc.
30:E2:83	Texas Instruments
30:ED:A0	Espressif Inc.
30:F0:28	Bosch Sicherheitssysteme GmbH
30:F7:C5	Apple, Inc.
30:FB:10	Silicon Laboratories
30:FD:38	Google, Inc.
34:03:DE	Texas Instruments
34:08:BC	Apple, Inc.
34:08:E1	Texas Instruments
34:10:5D	Texas Instruments
34:10:F4	Silicon Laboratories
34:12:98	Apple, Inc.
34:13:43	GE Lighting
34:14:B5	Texas Instruments
34:15:13	Texas Instruments
34:15:9E	Apple, Inc.
34:25:B4	Silicon Laboratories
34:25:BE	Amazon Technologies Inc.
34:28:40	Apple, Inc.
34:2A:F1	Texas Instruments
34:2B:6E	Apple, Inc.
34:31:8F	Apple, Inc.
34:36:3B	Apple, Inc.
34:3C:30	NXP Semiconductor (Tianjin) LTD.
34:42:62	Apple, Inc.
34:51:C9	Apple, Inc.
34:5F:45	Espressif Inc.
34:66:91	Apple, Inc.
34:68:B5	Texas Instruments
34:7C:25	Apple, Inc.
34:84:E4	Texas Instruments
34:85:18	Espressif Inc.
34:86:5D	Espressif Inc.
34:8C:5E	Apple, Inc.
34:8D:13	Silicon Laboratories
34:94:54	Espressif Inc.
34:98:7A	Espressif Inc.
34:A3:95	Apple, Inc.
34:A8:EB	Apple, Inc.
34:AB:37	Apple, Inc.
34:AB:95	Espressif Inc.
34:AF:B3	Amazon Technologies Inc.
34:B1:EB	Apple, Inc.
34:B1:F7	Texas Instruments
34:B4:72	Espressif Inc.
34:B7:DA	Espressif Inc.
34:C0:59	Apple, Inc.
34:C4:59	Texas Instruments
34:C6:DD	Hangzhou Ezviz Software Co.,Ltd.
34:C7:E9	Google, Inc.
34:CD:B0	Espressif Inc.
34:D2:70	Amazon Technologies Inc.
34:E2:FD	Apple, Inc.
34:EE:16	Apple, Inc.
34:F6:8D	Apple, Inc.
34:FD:6A	Apple, Inc.
34:FE:77	Apple, Inc.
38:09:FB	Apple, Inc.
38:0B:3C	Texas Instruments
38:0F:4A	Apple, Inc.
38:18:2B	Espressif Inc.
38:1F:8D	Tuya Smart Inc.
38:2C:E5	Tuya Smart Inc.
38:39:8F	Silicon Laboratories
38:48:4C	Apple, Inc.
38:53:9C	Apple, Inc.
38:5B:44	Silicon Laboratories
38:5C:FB	Silicon Laboratories
38:62:33	Apple, Inc.
38:65:B2	Apple, Inc.
38:66:F0	Apple, Inc.
38:71:DE	Apple, Inc.
38:7F:8B	Apple, Inc.
38:81:D7	Texas Instruments
38:86:F7	Google, Inc.
38:88:A4	Apple, Inc.
38:89:2C	Apple, Inc.
38:8B:59	Google, Inc.
38:9C:B2	Apple, Inc.
38:A5:C9	Tuya Smart Inc.
38:AB:41	Texas Instruments
38:B5:4D	Apple, Inc.
38:C4:3A	Apple, Inc.
38:C9:86	Apple, Inc.
38:CA:DA	Apple, Inc.
38:D2:69	Texas Instruments
38:E1:3D	Apple, Inc.
38:EC:0D	Apple, Inc.
38:F7:3D	Amazon Technologies Inc.
38:F9:D3	Apple, Inc.
3C:06:30	Apple, Inc.
3C:07:54	Apple, Inc.
3C:07:D7	Apple, Inc.
3C:0B:59	Tuya Smart Inc.
3C:15:C2	Apple, Inc.
3C:1E:B5	Apple, Inc.
3C:22:FB	Apple, Inc.
3C:28:6D	Google, Inc.
3C:2D:B7	Texas Instruments
3C:2E:F5	Silicon Laboratories
3C:2E:F9	Apple, Inc.
3C:2E:FF	Apple, Inc.
3C:31:74	Google, Inc.
3C:39:C8	Apple, Inc.
3C:3B:77	Apple, Inc.
3C:4D:BE	Apple, Inc.
3C:50:02	Apple, Inc.
3C:5A:B4	Google, Inc.
3C:5C:C4	Amazon Technologies Inc.
3C:61:05	Espressif Inc.
3C:6D:89	Apple, Inc.
3C:71:BF	Espressif Inc.
3C:7D:0A	Apple, Inc.
3C:7D:B1	Texas Instruments
3C:84:27	Espressif Inc.
3C:8A:1F	Espressif Inc.
3C:8D:20	Google, Inc.
3C:A3:08	Texas Instruments
3C:A6:F6	Apple, Inc.
3C:AB:8E	Apple, Inc.
3C:BF:60	Apple, Inc.
3C:CD:36	Apple, Inc.
3C:D0:F8	Apple, Inc.
3C:DD:57	Apple, Inc.
3C:E0:02	Texas Instruments
3C:E0:64	Texas Instruments
3C:E0:72	Apple, Inc.
3C:E4:41	Amazon Technologies Inc.
3C:E4:B0	Texas Instruments
3C:E9:0E	Espressif Inc.
40:03:26	NXP Semiconductor (Tianjin) LTD.
40:06:A0	Texas Instruments
40:22:D8	Espressif Inc.
40:26:19	Apple, Inc.
40:2E:71	Texas Instruments
40:30:04	Apple, Inc.
40:30:59	Silicon Laboratories
40:33:1A	Apple, Inc.
40:3C:FC	Apple, Inc.
40:4C:CA	Espressif Inc.
40:4D:7F	Apple, Inc.
40:5F:C2	Texas Instruments
40:6C:8F	Apple, Inc.
40:70:F5	Apple, Inc.
40:79:11	Apple, Inc.
40:79:12	Texas Instruments
40:82:7B	STMicroelectronics Rousset SAS
40:83:1D	Apple, Inc.
40:84:32	Microchip Technology Inc.
40:91:51	Espressif Inc.
40:92:1A	Apple, Inc.
40:98:4E	Texas Instruments
40:98:AD	Apple, Inc.
40:9C:28	Apple, Inc.
40:A2:DB	Amazon Technologies Inc.
40:A6:D9	Apple, Inc.
40:A9:CF	Amazon Technologies Inc.
40:B3:95	Apple, Inc.
40:B3:FA	Apple, Inc.
40:B4:CD	Amazon Technologies Inc.
40:BC:60	Apple, Inc.
40:BD:32	Texas Instruments
40:C7:11	Apple, Inc.
40:CB:C0	Apple, Inc.
40:D1:60	Apple, Inc.
40:D3:2D	Apple, Inc.
40:DA:5C	Apple, Inc.
40:E6:4B	Apple, Inc.
40:ED:CF	Apple, Inc.
40:EE:BE	NXP Semiconductor (Tianjin) LTD.
40:F3:B0	Texas Instruments
40:F5:20	Espressif Inc.
40:F6:BC	Amazon Technologies Inc.
40:F9:46	Apple, Inc.
44:00:10	Apple, Inc.
44:00:49	Amazon Technologies Inc.
44:07:0B	Google, Inc.
44:09:DA	Apple, Inc.
44:0C:EE	Robert Bosch Elektronikai Kft.
44:17:93	Espressif Inc.
44:18:FD	Apple, Inc.
44:1B:88	Apple, Inc.
44:1D:64	Espressif Inc.
44:2A:60	Apple, Inc.
44:35:83	Apple, Inc.
44:36:59	Robert Bosch GmbH
44:3D:54	Amazon Technologies Inc.
44:3E:8A	Texas Instruments
44:42:01	Amazon Technologies Inc.
44:4A:DB	Apple, Inc.
44:4C:0C	Apple, Inc.
44:65:0D	Amazon Technologies Inc.
44:6B:1F	Texas Instruments
44:6D:7F	Amazon Technologies Inc.
44:88:BE	Texas Instruments
44:90:BB	Apple, Inc.
44:9E:8B	Apple, Inc.
44:A1:0E	Apple, Inc.
44:A7:F4	Apple, Inc.
44:A8:FC	Apple, Inc.
44:B4:B2	Amazon Technologies Inc.
44:B7:D0	Microchip Technology Inc.
44:BB:3B	Google, Inc.
44:C1:5C	Texas Instruments
44:C6:5D	Apple, Inc.
44:D4:65	NXP Semiconductors Taiwan Ltd.
44:D5:CC	Amazon Technologies Inc.
44:D7:7E	Robert Bosch GmbH
44:D8:84	Apple, Inc.
44:DA:30	Apple, Inc.
44:E2:F8	Silicon Laboratories
44:E6:6E	Apple, Inc.
44:EA:D8	Texas Instruments
44:EE:14	Texas Instruments
44:F0:9E	Apple, Inc.
44:F2:1B	Apple, Inc.
44:FB:42	Apple, Inc.
48:26:2C	Apple, Inc.
48:27:E2	Espressif Inc.
48:31:33	Robert Bosch Elektronika Kft.
48:31:B7	Espressif Inc.
48:35:2B	Apple, Inc.
48:3B:38	Apple, Inc.
48:3F:DA	Espressif Inc.
48:43:7C	Apple, Inc.
48:43:DD	Amazon Technologies Inc.
48:4B:AA	Apple, Inc.
48:55:19	Espressif Inc.
48:5F:2D	Amazon Technologies Inc.
48:60:BC	Apple, Inc.
48:70:1E	Texas Instruments
48:74:6E	Apple, Inc.
48:77:06	NXP Semiconductor (Tianjin) LTD.
48:78:5E	Amazon Technologies Inc.
48:84:9D	Texas Instruments
48:A1:95	Apple, Inc.
48:A2:E6	Resideo
48:A3:BD	Texas Instruments
48:A9:1C	Apple, Inc.
48:B4:23	Amazon Technologies Inc.
48:B8:A3	Apple, Inc.
48:BF:6B	Apple, Inc.
48:CA:43	Espressif Inc.
48:D6:D5	Google, Inc.
48:D7:05	Apple, Inc.
48:E1:5C	Apple, Inc.
48:E7:29	Espressif Inc.
48:E9:F1	Apple, Inc.
4C:11:AE	Espressif Inc.
4C:17:44	Amazon Technologies Inc.
4C:20:B8	Apple, Inc.
4C:24:98	Texas Instruments
4C:2E:B4	Apple, Inc.
4C:32:75	Apple, Inc.
4C:3F:D3	Texas Instruments
4C:53:FD	Amazon Technologies Inc.
4C:56:9D	Apple, Inc.
4C:57:CA	Apple, Inc.
4C:5B:B3	Silicon Laboratories
4C:5D:6A	Apple, Inc.
4C:6B:E8	Apple, Inc.
4C:74:BF	Apple, Inc.
4C:75:25	Espressif Inc.
4C:79:75	Apple, Inc.
4C:7C:5F	Apple, Inc.
4C:7C:D9	Apple, Inc.
4C:8D:79	Apple, Inc.
4C:97:A1	Silicon Laboratories
4C:97:CC	Apple, Inc.
4C:9F:F1	Apple, Inc.
4C:A9:19	Tuya Smart Inc.
4C:AB:4F	Apple, Inc.
4C:B1:99	Apple, Inc.
4C:B9:10	Apple, Inc.
4C:CD:B6	Apple, Inc.
4C:DA:38	Texas Instruments
4C:E6:C0	Apple, Inc.
4C:EB:D6	Espressif Inc.
4C:EF:C0	Amazon Technologies Inc.
50:02:91	Espressif Inc.
50:07:C3	Amazon Technologies Inc.
50:0F:59	STMicrolectronics International NV
50:1F:C6	Apple, Inc.
50:23:A2	Apple, Inc.
50:32:37	Apple, Inc.
50:32:5F	Silicon Laboratories
50:33:8B	Texas Instruments
50:51:A9	Texas Instruments
50:56:63	Texas Instruments
50:57:8A	Apple, Inc.
50:65:83	Texas Instruments
50:72:24	Texas Instruments
50:78:7D	Espressif Inc.
50:7A:55	Apple, Inc.
50:7A:C5	Apple, Inc.
50:82:D5	Apple, Inc.
50:8A:06	Tuya Smart Inc.
50:8B:B9	Tuya Smart Inc.
50:8C:B1	Texas Instruments
50:98:93	Texas Instruments
50:99:5A	Amazon Technologies Inc.
50:A6:7F	Apple, Inc.
50:A6:D8	Apple, Inc.
50:B1:27	Apple, Inc.
50:BC:96	Apple, Inc.
50:C1:F0	NXP Semiconductor (Tianjin) LTD.
50:D4:5C	Amazon Technologies Inc.
50:DC:E7	Amazon Technologies Inc.
50:DE:06	Apple, Inc.
50:EA:D6	Apple, Inc.
50:ED:3C	Apple, Inc.
50:F1:4A	Texas Instruments
50:F2:65	Apple, Inc.
50:F3:51	Apple, Inc.
50:F4:EB	Apple, Inc.
50:F5:DA	Amazon Technologies Inc.
54:09:10	Apple, Inc.
54:0F:57	Silicon Laboratories
54:10:EC	Microchip Technology Inc.
54:26:96	Apple, Inc.
54:27:8D	NXP (China) Management Ltd.
54:29:06	Apple, Inc.
54:2B:1C	Amazon Technologies Inc.
54:2B:8D	Apple, Inc.
54:32:04	Espressif Inc.
54:32:C7	Apple, Inc.
54:33:CB	Apple, Inc.
54:43:B2	Espressif Inc.
54:45:38	Texas Instruments
54:4A:16	Texas Instruments
54:4E:90	Apple, Inc.
54:5A:A6	Espressif Inc.
54:60:09	Google, Inc.
54:62:E2	Apple, Inc.
54:67:49	Google, Inc.
54:6C:0E	Texas Instruments
54:72:4F	Apple, Inc.
54:7D:CD	Texas Instruments
54:99:63	Apple, Inc.
54:9F:13	Apple, Inc.
54:AE:27	Apple, Inc.
54:D6:0D	Hangzhou Ezviz Software Co.,Ltd.
54:DC:E9	Silicon Laboratories
54:E4:3A	Apple, Inc.
54:E6:1B	Apple, Inc.
54:EA:A8	Apple, Inc.
54:EB:E9	Apple, Inc.
54:EF:44	Lumi United Technology Co., Ltd
54:FE:EB	Texas Instruments
58:09:87	Amazon Technologies Inc.
58:0A:D4	Apple, Inc.
58:1F:AA	Apple, Inc.
58:24:29	Google, Inc.
58:26:3A	Silicon Laboratories
58:2B:0A	Texas Instruments
58:36:53	Apple, Inc.
58:3B:C2	Silicon Laboratories
58:40:4E	Apple, Inc.
58:55:95	Apple, Inc.
58:55:CA	Apple, Inc.
58:57:0D	Danfoss Solar Inverters
58:64:C4	Apple, Inc.
58:66:6D	Apple, Inc.
58:6B:14	Apple, Inc.
58:73:D8	Apple, Inc.
58:7A:62	Texas Instruments
58:7F:57	Apple, Inc.
58:8C:81	Espressif Inc.
58:8E:81	Silicon Laboratories
58:8F:CF	Hangzhou Ezviz Software Co.,Ltd.
58:93:D8	Texas Instruments
58:93:E8	Apple, Inc.
58:9A:3E	Amazon Technologies Inc.
58:A1:5F	Texas Instruments
58:A8:E8	Amazon Technologies Inc.
58:AD:12	Apple, Inc.
58:B0:35	Apple, Inc.
58:B9:65	Apple, Inc.
58:BF:25	Espressif Inc.
58:CB:52	Google, Inc.
58:CF:79	Espressif Inc.
58:D1:5A	Texas Instruments
58:D3:49	Apple, Inc.
58:E2:8F	Apple, Inc.
58:E4:88	Amazon Technologies Inc.
58:E6:BA	Apple, Inc.
58:EF:68	Belkin International Inc.
58:FC:C8	Honeywell
5C:01:3B	Espressif Inc.
5C:02:72	Silicon Laboratories
5C:09:47	Apple, Inc.
5C:13:CC	Apple, Inc.
5C:1B:F4	Apple, Inc.
5C:1D:D9	Apple, Inc.
5C:31:3E	Texas Instruments
5C:33:7B	Google, Inc.
5C:3E:1B	Apple, Inc.
5C:50:D9	Apple, Inc.
5C:52:30	Apple, Inc.
5C:52:84	Apple, Inc.
5C:59:48	Apple, Inc.
5C:61:52	NXP Semiconductor (Tianjin) LTD.
5C:6B:32	Texas Instruments
5C:70:17	Apple, Inc.
5C:87:30	Apple, Inc.
5C:8B:6B	Amazon Technologies Inc.
5C:8D:4E	Apple, Inc.
5C:91:75	Apple, Inc.
5C:95:AE	Apple, Inc.
5C:96:9D	Apple, Inc.
5C:97:F3	Apple, Inc.
5C:9B:A6	Apple, Inc.
5C:AD:BA	Apple, Inc.
5C:AD:CF	Apple, Inc.
5C:C7:C1	Silicon Laboratories
5C:CF:7F	Espressif Inc.
5C:E9:1E	Apple, Inc.
5C:F5:DA	Apple, Inc.
5C:F7:E6	Apple, Inc.
5C:F8:21	Texas Instruments
5C:F9:38	Apple, Inc.
5C:FC:E1	Resideo
60:01:94	Espressif Inc.
60:03:08	Apple, Inc.
60:04:5C	NXP Semiconductor (Tianjin) LTD.
60:06:E3	Apple, Inc.
60:0F:6B	Apple, Inc.
60:26:02	Texas Instruments
60:30:D4	Apple, Inc.
60:33:4B	Apple, Inc.
60:38:E0	Belkin International Inc.
60:3E:5F	Apple, Inc.
60:55:F9	Espressif Inc.
60:57:C8	Apple, Inc.
60:64:05	Texas Instruments
60:65:25	Apple, Inc.
60:69:44	Apple, Inc.
60:70:6C	Google, Inc.
60:70:C0	Apple, Inc.
60:77:71	Texas Instruments
60:7E:C9	Apple, Inc.
60:81:10	Apple, Inc.
60:82:46	Apple, Inc.
60:83:73	Apple, Inc.
60:8A:10	Microchip Technology Inc.
60:8B:0E	Apple, Inc.
60:8C:4A	Apple, Inc.
60:92:17	Apple, Inc.
60:93:16	Apple, Inc.
60:95:BD	Apple, Inc.
60:98:66	Texas Instruments
60:9A:C1	Apple, Inc.
60:A3:7D	Apple, Inc.
60:A4:23	Silicon Laboratories
60:B6:47	Silicon Laboratories
60:B6:E1	Texas Instruments
60:B7:6E	Google, Inc.
60:BE:C4	Apple, Inc.
60:C5:47	Apple, Inc.
60:D0:39	Apple, Inc.
60:D9:C7	Apple, Inc.
60:DD:70	Apple, Inc.
60:E8:5B	Texas Instruments
60:EF:AB	Silicon Laboratories
60:F4:45	Apple, Inc.
60:F5:49	Apple, Inc.
60:F8:1D	Apple, Inc.
60:FA:CD	Apple, Inc.
60:FB:42	Apple, Inc.
60:FD:A6	Apple, Inc.
60:FE:C5	Apple, Inc.
64:02:8F	Silicon Laboratories
64:0B:D7	Apple, Inc.
64:0C:91	Apple, Inc.
64:13:31	Bosch Car Multimedia (Wuhu) Co. Ltd.
64:16:66	Nest Labs Inc.
64:1C:10	Texas Instruments
64:20:0C	Apple, Inc.
64:31:35	Apple, Inc.
64:33:DB	Texas Instruments
64:41:E6	Apple, Inc.
64:48:42	Apple, Inc.
64:5A:36	Apple, Inc.
64:5A:ED	Apple, Inc.
64:69:4E	Texas Instruments
64:6D:2F	Apple, Inc.
64:70:33	Apple, Inc.
64:70:60	Texas Instruments
64:76:BA	Apple, Inc.
64:7B:D4	Texas Instruments
64:8C:BB	Texas Instruments
64:9A:BE	Apple, Inc.
64:9C:8E	Texas Instruments
64:A3:CB	Apple, Inc.
64:A5:C3	Apple, Inc.
64:B0:A6	Apple, Inc.
64:B7:08	Espressif Inc.
64:B9:E8	Apple, Inc.
64:C7:53	Apple, Inc.
64:CF:D9	Texas Instruments
64:D2:C4	Apple, Inc.
64:DA:A0	Robert Bosch Smart Home GmbH
64:E6:82	Apple, Inc.
64:E8:33	Espressif Inc.
64:F2:FB	Hangzhou Ezviz Software Co.,Ltd.
68:09:27	Apple, Inc.
68:0A:E2	Silicon Laboratories
68:13:F3	Amazon Technologies Inc.
68:23:B0	Texas Instruments
68:25:DD	Espressif Inc.
68:27:19	Microchip Technology Inc.
68:2F:67	Apple, Inc.
68:37:E9	Amazon Technologies Inc.
68:3A:48	SAMJIN Co., Ltd.
68:3E:C0	Apple, Inc.
68:44:65	Apple, Inc.
68:45:CC	Apple, Inc.
68:47:49	Texas Instruments
68:54:FD	Amazon Technologies Inc.
68:57:2D	Tuya Smart Inc.
68:5B:35	Apple, Inc.
68:5E:1C	Texas Instruments
68:64:4B	Apple, Inc.
68:67:25	Espressif Inc.
68:83:CB	Apple, Inc.
68:96:7B	Apple, Inc.
68:9A:87	Amazon Technologies Inc.
68:9C:70	Apple, Inc.
68:9E:19	Texas Instruments
68:A8:6D	Apple, Inc.
68:AB:1E	Apple, Inc.
68:AE:20	Apple, Inc.
68:B6:91	Amazon Technologies Inc.
68:B6:B3	Espressif Inc.
68:C6:3A	Espressif Inc.
68:C9:0B	Texas Instruments
68:CA:C4	Apple, Inc.
68:D9:3C	Apple, Inc.
68:DB:CA	Apple, Inc.
68:DB:F5	Amazon Technologies Inc.
68:E5:80	Apple, Inc.
68:E7:4A	Texas Instruments
68:EC:8A	IKEA of Sweden AB
68:EF:43	Apple, Inc.
68:EF:DC	Apple, Inc.
68:F6:3B	Amazon Technologies Inc.
68:FB:7E	Apple, Inc.
68:FE:F7	Apple, Inc.
6C:0C:9A	Amazon Technologies Inc.
6C:12:70	Apple, Inc.
6C:19:C0	Apple, Inc.
6C:1F:8A	Apple, Inc.
6C:30:2A	Texas Instruments
6C:3A:FF	Apple, Inc.
6C:3E:6D	Apple, Inc.
6C:40:08	Apple, Inc.
6C:4A:85	Apple, Inc.
6C:4D:73	Apple, Inc.
6C:55:B1	Amazon Technologies Inc.
6C:56:97	Amazon Technologies Inc.
6C:5C:B1	Silicon Laboratories
6C:70:9F	Apple, Inc.
6C:72:E7	Apple, Inc.
6C:79:B8	Texas Instruments
6C:7E:67	Apple, Inc.
6C:8D:C1	Apple, Inc.
6C:94:F8	Apple, Inc.
6C:96:CF	Apple, Inc.
6C:99:9D	Amazon Technologies Inc.
6C:AB:31	Apple, Inc.
6C:B1:33	Apple, Inc.
6C:B2:FD	Texas Instruments
6C:B4:56	Espressif Inc.
6C:C2:6B	Apple, Inc.
6C:C3:74	Texas Instruments
6C:C8:40	Espressif Inc.
6C:E5:C9	Apple, Inc.
6C:E8:5C	Apple, Inc.
6C:EC:EB	Texas Instruments
6C:FD:22	Silicon Laboratories
70:03:9F	Espressif Inc.
70:04:1D	Espressif Inc.
70:11:24	Apple, Inc.
70:13:84	Apple, Inc.
70:14:A6	Apple, Inc.
70:22:FE	Apple, Inc.
70:31:7F	Apple, Inc.
70:3A:CB	Google, Inc.
70:3C:69	Apple, Inc.
70:3E:AC	Apple, Inc.
70:48:0F	Apple, Inc.
70:54:64	Silicon Laboratories
70:56:81	Apple, Inc.
70:70:0D	Apple, Inc.
70:70:AA	Amazon Technologies Inc.
70:72:FE	Apple, Inc.
70:73:CB	Apple, Inc.
70:81:EB	Apple, Inc.
70:86:C1	Texas Instruments
70:89:76	Tuya Smart Inc.
70:8C:F2	Apple, Inc.
70:A2:B3	Apple, Inc.
70:AC:08	Silicon Laboratories
70:AE:D5	Apple, Inc.
70:B3:06	Apple, Inc.
70:B8:F6	Espressif Inc.
70:B9:50	Texas Instruments
70:BB:5B	Apple, Inc.
70:C5:9C	Silicon Laboratories
70:C6:AC	Bosch Automotive Aftermarket
70:CD:60	Apple, Inc.
70:DE:E2	Apple, Inc.
70:E5:6E	Texas Instruments
70:E7:2C	Apple, Inc.
70:EA:5A	Apple, Inc.
70:EC:E4	Apple, Inc.
70:EF:00	Apple, Inc.
70:F0:87	Apple, Inc.
70:F7:4F	Robert Bosch JuP1
70:F9:4A	Apple, Inc.
70:FF:76	Texas Instruments
74:02:E1	Texas Instruments
74:0E:A4	Apple, Inc.
74:15:F5	Apple, Inc.
74:1B:B2	Apple, Inc.
74:29:81	Texas Instruments
74:31:74	Apple, Inc.
74:42:18	Apple, Inc.
74:42:8B	Apple, Inc.
74:46:B3	Texas Instruments
74:4D:BD	Espressif Inc.
74:58:F3	Amazon Technologies Inc.
74:65:0C	Apple, Inc.
74:71:8B	Apple, Inc.
74:73:B4	Apple, Inc.
74:74:46	Google, Inc.
74:75:48	Amazon Technologies Inc.
74:81:14	Apple, Inc.
74:8D:08	Apple, Inc.
74:8F:3C	Apple, Inc.
74:9E:AF	Apple, Inc.
74:A5:8C	Texas Instruments
74:A6:CD	Apple, Inc.
74:A7:EA	Amazon Technologies Inc.
74:B5:87	Apple, Inc.
74:B8:39	Texas Instruments
74:C2:46	Amazon Technologies Inc.
74:C9:0F	Microchip Technologies Inc
74:CC:40	Apple, Inc.
74:D2:85	Texas Instruments
74:D4:23	Amazon Technologies Inc.
74:D5:C6	Microchip Technologies Inc
74:D6:37	Amazon Technologies Inc.
74:D6:EA	Texas Instruments
74:DA:EA	Texas Instruments
74:E1:82	Texas Instruments
74:E1:B6	Apple, Inc.
74:E2:0C	Amazon Technologies Inc.
74:E2:F5	Apple, Inc.
74:EC:B2	Amazon Technologies Inc.
74:F6:61	Schneider Electric Fire & Security Oy
78:02:8B	Apple, Inc.
78:04:73	Texas Instruments
78:1C:3C	Espressif Inc.
78:1C:9D	Silicon Laboratories
78:21:84	Espressif Inc.
78:31:C1	Apple, Inc.
78:3A:84	Apple, Inc.
78:3F:4D	Apple, Inc.
78:42:1C	Espressif Inc.
78:4F:43	Apple, Inc.
78:5E:CC	Apple, Inc.
78:64:C0	Apple, Inc.
78:67:D7	Apple, Inc.
78:6C:1C	Apple, Inc.
78:6C:84	Amazon Technologies Inc.
78:6D:EB	GE Lighting
78:7B:8A	Apple, Inc.
78:7E:61	Apple, Inc.
78:88:6D	Apple, Inc.
78:9F:70	Apple, Inc.
78:A0:3F	Amazon Technologies Inc.
78:A3:E4	Apple, Inc.
78:A5:04	Texas Instruments
78:A6:A0	Hangzhou Ezviz Software Co.,Ltd.
78:A7:C7	Apple, Inc.
78:C1:AE	Hangzhou Ezviz Software Co.,Ltd.
78:C5:E5	Texas Instruments
78:CA:39	Apple, Inc.
78:CD:55	Texas Instruments
78:D1:62	Apple, Inc.
78:D7:5F	Apple, Inc.
78:DB:2F	Texas Instruments
78:DE:E4	Texas Instruments
78:E1:03	Amazon Technologies Inc.
78:E3:6D	Espressif Inc.
78:E3:DE	Apple, Inc.
78:EE:4C	Espressif Inc.
78:FB:D8	Apple, Inc.
78:FD:94	Apple, Inc.
7C:01:0A	Texas Instruments
7C:01:91	Apple, Inc.
7C:04:D0	Apple, Inc.
7C:11:BE	Apple, Inc.
7C:24:99	Apple, Inc.
7C:29:6F	Apple, Inc.
7C:2A:CA	Apple, Inc.
7C:2C:67	Espressif Inc.
7C:2E:BD	Google, Inc.
7C:38:66	Texas Instruments
7C:3B:2D	Apple, Inc.
7C:4B:26	Apple, Inc.
7C:50:49	Apple, Inc.
7C:61:30	Apple, Inc.
7C:61:66	Amazon Technologies Inc.
7C:63:05	Amazon Technologies Inc.
7C:66:9D	Texas Instruments
7C:6D:62	Apple, Inc.
7C:6D:F8	Apple, Inc.
7C:72:E7	Texas Instruments
7C:73:98	Espressif Inc.
7C:87:CE	Espressif Inc.
7C:8E:E4	Texas Instruments
7C:9A:1D	Apple, Inc.
7C:9E:BD	Espressif Inc.
7C:A1:AE	Apple, Inc.
7C:AB:60	Apple, Inc.
7C:AC:B2	Bosch Software Innovations GmbH
7C:B0:3E	OSRAM GmbH
7C:C0:6F	Apple, Inc.
7C:C1:80	Apple, Inc.
7C:C3:A1	Apple, Inc.
7C:C5:37	Apple, Inc.
7C:C6:B6	Silicon Laboratories
7C:C8:DF	Apple, Inc.
7C:D1:C3	Apple, Inc.
7C:D2:DA	Apple, Inc.
7C:D5:66	Amazon Technologies Inc.
7C:D9:5C	Google, Inc.
7C:DF:A1	Espressif Inc.
7C:E2:69	Texas Instruments
7C:EC:79	Texas Instruments
7C:EC:B1	Apple, Inc.
7C:ED:C6	Amazon Technologies Inc.
7C:F0:5F	Apple, Inc.
7C:F3:4D	Apple, Inc.
7C:F6:66	Tuya Smart Inc.
7C:FA:DF	Apple, Inc.
7C:FC:16	Apple, Inc.
80:00:6E	Apple, Inc.
80:04:5F	Apple, Inc.
80:0C:67	Apple, Inc.
80:0C:F9	Amazon Technologies Inc.
80:1F:12	Microchip Technology Inc.
80:30:DC	Texas Instruments
80:34:28	Microchip Technology Inc.
80:49:71	Apple, Inc.
80:4A:14	Apple, Inc.
80:4B:50	Silicon Laboratories
80:4C:5D	NXP Semiconductor (Tianjin) LTD.
80:54:E3	Apple, Inc.
80:5F:C5	Apple, Inc.
80:64:6F	Espressif Inc.
80:64:7C	Tuya Smart Inc.
80:65:7C	Apple, Inc.
80:65:99	Espressif Inc.
80:69:1A	Belkin International Inc.
80:6D:71	Amazon Technologies Inc.
80:6F:B0	Texas Instruments
80:7D:3A	Espressif Inc.
80:82:23	Apple, Inc.
80:82:F5	STMicrolectronics International NV
80:83:F6	Apple, Inc.
80:8A:F7	Nanoleaf
80:92:9F	Apple, Inc.
80:95:3A	Apple, Inc.
80:96:98	Apple, Inc.
80:A9:97	Apple, Inc.
80:AF:19	Apple, Inc.
80:B0:3D	Apple, Inc.
80:B9:89	Apple, Inc.
80:BE:05	Apple, Inc.
80:C4:1B	Texas Instruments
80:D6:05	Apple, Inc.
80:E6:50	Apple, Inc.
80:EA:96	Apple, Inc.
80:ED:2C	Apple, Inc.
80:F5:B5	Texas Instruments
80:FB:F1	Freescale Semiconductor (China) Ltd.
84:0D:8E	Espressif Inc.
84:0F:4C	Apple, Inc.
84:27:12	Silicon Laboratories
84:28:59	Amazon Technologies Inc.
84:29:99	Apple, Inc.
84:2E:14	Silicon Laboratories
84:2F:57	Apple, Inc.
84:38:35	Apple, Inc.
84:3C:4C	Robert Bosch SRL
84:41:67	Apple, Inc.
84:68:78	Apple, Inc.
84:71:27	Silicon Laboratories
84:72:93	Texas Instruments
84:78:8B	Apple, Inc.
84:7E:40	Texas Instruments
84:85:06	Apple, Inc.
84:88:E1	Apple, Inc.
84:89:AD	Apple, Inc.
84:8C:8D	Apple, Inc.
84:8E:0C	Apple, Inc.
84:94:37	Apple, Inc.
84:A1:34	Apple, Inc.
84:A8:24	Google, Inc.
84:AB:1A	Apple, Inc.
84:AC:16	Apple, Inc.
84:AD:8D	Apple, Inc.
84:B1:53	Apple, Inc.
84:B1:E4	Apple, Inc.
84:B4:DB	Silicon Laboratories
84:BA:20	Silicon Laboratories
84:BB:26	Texas Instruments
84:C6:92	Texas Instruments
84:CC:A8	Espressif Inc.
84:D3:28	Apple, Inc.
84:D6:D0	Amazon Technologies Inc.
84:DD:20	Texas Instruments
84:E3:42	Tuya Smart Inc.
84:EB:18	Texas Instruments
84:F1:F7	NXP Semiconductor (Tianjin) LTD.
84:F3:EB	Espressif Inc.
84:F7:03	Espressif Inc.
84:FC:AC	Apple, Inc.
84:FC:E6	Espressif Inc.
84:FC:FE	Apple, Inc.
84:FD:27	Silicon Laboratories
88:01:F9	Texas Instruments
88:0C:E0	Texas Instruments
88:0F:62	Silicon Laboratories
88:13:BF	Espressif Inc.
88:19:08	Apple, Inc.
88:1A:14	Silicon Laboratories
88:1E:5A	Apple, Inc.
88:1F:A1	Apple, Inc.
88:20:0D	Apple, Inc.
88:33:14	Texas Instruments
88:34:FE	Bosch Automotive Products (Suzhou) Co. Ltd
88:3D:24	Google, Inc.
88:3F:4A	Texas Instruments
88:4A:EA	Texas Instruments
88:4D:7C	Apple, Inc.
88:51:F2	Apple, Inc.
88:53:95	Apple, Inc.
88:54:1F	Google, Inc.
88:63:DF	Apple, Inc.
88:64:40	Apple, Inc.
88:66:5A	Apple, Inc.
88:66:A5	Apple, Inc.
88:6B:6E	Apple, Inc.
88:6B:DB	Apple, Inc.
88:71:E5	Amazon Technologies Inc.
88:A4:79	Apple, Inc.
88:A9:B7	Apple, Inc.
88:AE:07	Apple, Inc.
88:B2:91	Apple, Inc.
88:B7:EB	Apple, Inc.
88:B9:45	Apple, Inc.
88:C0:8B	Apple, Inc.
88:C2:55	Texas Instruments
88:C6:63	Apple, Inc.
88:CB:87	Apple, Inc.
88:CF:CD	Texas Instruments
88:E8:7F	Apple, Inc.
88:E9:FE	Apple, Inc.
8A:CB:A4	Resideo
8C:00:6D	Apple, Inc.
8C:08:79	Texas Instruments
8C:08:AA	Apple, Inc.
8C:26:AA	Apple, Inc.
8C:29:37	Apple, Inc.
8C:2A:85	Amazon Technologies Inc.
8C:2D:AA	Apple, Inc.
8C:33:96	Apple, Inc.
8C:4B:14	Espressif Inc.
8C:4F:00	Espressif Inc.
8C:58:77	Apple, Inc.
8C:65:A3	Silicon Laboratories
8C:6F:B9	Silicon Laboratories
8C:71:12	Microchip Technologies Inc
8C:7A:AA	Apple, Inc.
8C:7B:9D	Apple, Inc.
8C:7C:92	Apple, Inc.
8C:85:90	Apple, Inc.
8C:86:1E	Apple, Inc.
8C:8B:48	Silicon Laboratories
8C:8B:83	Texas Instruments
8C:8E:F2	Apple, Inc.
8C:8F:E9	Apple, Inc.
8C:98:6B	Apple, Inc.
8C:AA:B5	Espressif Inc.
8C:BF:EA	Espressif Inc.
8C:CE:4E	Espressif Inc.
8C:EC:7B	Apple, Inc.
8C:F6:81	Silicon Laboratories
8C:FA:BA	Apple, Inc.
8C:FE:57	Apple, Inc.
90:02:8A	Shenzhen Shidean Legrand Electronic Products Co.,Ltd
90:06:F2	Texas Instruments
90:0C:C8	Google, Inc.
90:11:95	Amazon Technologies Inc.
90:15:06	Espressif Inc.
90:23:5B	Amazon Technologies Inc.
90:27:E4	Apple, Inc.
90:2C:09	Apple, Inc.
90:35:EA	Silicon Laboratories
90:38:0C	Espressif Inc.
90:39:5E	Silicon Laboratories
90:39:5F	Amazon Technologies Inc.
90:3C:92	Apple, Inc.
90:48:46	Texas Instruments
90:4C:C5	Apple, Inc.
90:59:AF	Texas Instruments
90:5F:7A	Apple, Inc.
90:60:F1	Apple, Inc.
90:62:3F	Apple, Inc.
90:70:65	Texas Instruments
90:72:40	Apple, Inc.
90:7B:C6	Texas Instruments
90:81:2A	Apple, Inc.
90:81:58	Apple, Inc.
90:84:0D	Apple, Inc.
90:8C:43	Apple, Inc.
90:8D:6C	Apple, Inc.
90:97:D5	Espressif Inc.
90:9A:77	Texas Instruments
90:9B:6F	Apple, Inc.
90:9C:4A	Apple, Inc.
90:A2:5B	Apple, Inc.
90:A8:22	Amazon Technologies Inc.
90:AB:96	Silicon Laboratories
90:B0:ED	Apple, Inc.
90:B2:1F	Apple, Inc.
90:B7:90	Apple, Inc.
90:B9:31	Apple, Inc.
90:C1:C6	Apple, Inc.
90:CA:FA	Google, Inc.
90:CD:E8	Apple, Inc.
90:CE:B8	Texas Instruments
90:D7:EB	Texas Instruments
90:DD:5D	Apple, Inc.
90:E1:7B	Apple, Inc.
90:E2:02	Texas Instruments
90:E5:B1	Espressif Inc.
90:EC:EA	Apple, Inc.
90:F8:2E	Amazon Technologies Inc.
90:FD:61	Apple, Inc.
90:FD:9F	Silicon Laboratories
94:0B:CD	Apple, Inc.
94:0C:98	Apple, Inc.
94:0E:2A	NXP Semiconductors Taiwan Ltd.
94:10:3E	Belkin International Inc.
94:16:25	Apple, Inc.
94:21:57	Apple, Inc.
94:2B:68	Apple, Inc.
94:2E:17	Schneider Electric Canada Inc
94:34:69	Silicon Laboratories
94:3A:91	Amazon Technologies Inc.
94:3C:C6	Espressif Inc.
94:3F:D6	Apple, Inc.
94:44:52	Belkin International Inc.
94:45:60	Google, Inc.
94:50:44	Texas Instruments
94:54:C5	Espressif Inc.
94:5A:FC	Amazon Technologies Inc.
94:5C:9A	Apple, Inc.
94:88:54	Texas Instruments
94:94:26	Apple, Inc.
94:95:A0	Google, Inc.
94:A0:81	Silicon Laboratories
94:A9:90	Espressif Inc.
94:A9:A8	Texas Instruments
94:AD:23	Apple, Inc.
94:B0:1F	Apple, Inc.
94:B2:16	Silicon Laboratories
94:B5:55	Espressif Inc.
94:B9:7E	Espressif Inc.
94:BF:2D	Apple, Inc.
94:CA:0F	Honeywell Analytics
94:DE:B8	Silicon Laboratories
94:E3:6D	Texas Instruments
94:E6:86	Espressif Inc.
94:E9:6A	Apple, Inc.
94:EA:32	Apple, Inc.
94:EB:2C	Google, Inc.
94:EC:13	Hangzhou Ezviz Software Co.,Ltd.
94:EC:32	Silicon Laboratories
94:F6:A3	Apple, Inc.
94:F6:D6	Apple, Inc.
98:00:C6	Apple, Inc.
98:01:A7	Apple, Inc.
98:03:8A	Texas Instruments
98:03:D8	Apple, Inc.
98:07:2D	Texas Instruments
98:0C:33	Silicon Laboratories
98:0D:AF	Apple, Inc.
98:10:E8	Apple, Inc.
98:1C:A2	Apple, Inc.
98:22:6E	Amazon Technologies Inc.
98:3C:8C	Apple, Inc.
98:3D:AE	Espressif Inc.
98:46:0A	Apple, Inc.
98:50:2E	Apple, Inc.
98:59:45	Texas Instruments
98:5A:EB	Apple, Inc.
98:5D:AD	Texas Instruments
98:60:CA	Apple, Inc.
98:69:8A	Apple, Inc.
98:7B:F3	Texas Instruments
98:84:E3	Texas Instruments
98:88:E0	Espressif Inc.
98:89:24	Texas Instruments
98:98:FB	Google, Inc.
98:9E:63	Apple, Inc.
98:A3:16	Espressif Inc.
98:A5:F9	Apple, Inc.
98:B3:79	Apple, Inc.
98:B8:E3	Apple, Inc.
98:CA:33	Apple, Inc.
98:CC:F3	Amazon Technologies Inc.
98:CD:AC	Espressif Inc.
98:D2:93	Google, Inc.
98:D6:BB	Apple, Inc.
98:DD:60	Apple, Inc.
98:E0:D9	Apple, Inc.
98:E7:D5	NXP Semiconductor (Tianjin) LTD.
98:F0:7B	Texas Instruments
98:F0:AB	Apple, Inc.
98:F4:87	Texas Instruments
98:F4:AB	Espressif Inc.
98:FE:94	Apple, Inc.
98:FE:E1	Apple, Inc.
9C:04:EB	Apple, Inc.
9C:0E:51	Schneider Electric
9C:1A:25	Apple, Inc.
9C:1D:58	Texas Instruments
9C:20:7B	Apple, Inc.
9C:28:B3	Apple, Inc.
9C:29:3F	Apple, Inc.
9C:35:EB	Apple, Inc.
9C:3E:53	Apple, Inc.
9C:4F:5F	Google, Inc.
9C:4F:DA	Apple, Inc.
9C:58:3C	Apple, Inc.
9C:58:84	Apple, Inc.
9C:60:76	Apple, Inc.
9C:64:8B	Apple, Inc.
9C:76:0E	Apple, Inc.
9C:79:E3	Apple, Inc.
9C:84:BF	Apple, Inc.
9C:8B:A0	Apple, Inc.
9C:92:4F	Apple, Inc.
9C:95:6E	Microchip Technology Inc.
9C:9C:1F	Espressif Inc.
9C:9E:6E	Espressif Inc.
9C:A9:C5	Apple, Inc.
9C:C8:E9	Amazon Technologies Inc.
9C:DA:A8	Apple, Inc.
9C:DF:B3	NXP Semiconductor (Tianjin) LTD.
9C:E3:3F	Apple, Inc.
9C:E6:5E	Apple, Inc.
9C:F3:87	Apple, Inc.
9C:F3:AC	Apple, Inc.
9C:F4:8E	Apple, Inc.
9C:FA:76	Apple, Inc.
9C:FC:01	Apple, Inc.
9C:FC:28	Apple, Inc.
A0:02:DC	Amazon Technologies Inc.
A0:03:63	Robert Bosch Healthcare GmbH
A0:18:28	Apple, Inc.
A0:20:A6	Espressif Inc.
A0:3B:E3	Apple, Inc.
A0:4E:A7	Apple, Inc.
A0:4E:CF	Apple, Inc.
A0:52:72	Apple, Inc.
A0:56:F3	Apple, Inc.
A0:6C:65	Texas Instruments
A0:76:4E	Espressif Inc.
A0:78:17	Apple, Inc.
A0:78:2D	Apple, Inc.
A0:85:E3	Espressif Inc.
A0:92:08	Tuya Smart Inc.
A0:99:9B	Apple, Inc.
A0:9A:8E	Apple, Inc.
A0:9D:22	Apple, Inc.
A0:A3:09	Apple, Inc.
A0:A3:B3	Espressif Inc.
A0:B4:0F	Apple, Inc.
A0:B7:65	Espressif Inc.
A0:D0:DC	Amazon Technologies Inc.
A0:D1:B3	Apple, Inc.
A0:D2:B1	Amazon Technologies Inc.
A0:D7:95	Apple, Inc.
A0:D9:1A	Texas Instruments
A0:DD:6C	Espressif Inc.
A0:E6:F8	Texas Instruments
A0:ED:CD	Apple, Inc.
A0:EE:1A	Apple, Inc.
A0:F6:FD	Texas Instruments
A0:FB:C5	Apple, Inc.
A4:02:B7	Amazon Technologies Inc.
A4:06:E9	Texas Instruments
A4:08:01	Amazon Technologies Inc.
A4:09:87	Apple, Inc.
A4:11:15	Robert Bosch Engineering and Business Solutions pvt. Ltd.
A4:16:C0	Apple, Inc.
A4:18:94	Bosch Security Systems B.V.
A4:31:35	Apple, Inc.
A4:34:F1	Texas Instruments
A4:57:A0	SAMJIN Co., Ltd.
A4:5C:25	Texas Instruments
A4:5E:60	Apple, Inc.
A4:67:06	Apple, Inc.
A4:6D:D4	Silicon Laboratories
A4:77:33	Google, Inc.
A4:77:F3	Apple, Inc.
A4:7B:9D	Espressif Inc.
A4:83:E7	Apple, Inc.
A4:9E:69	Silicon Laboratories
A4:B0:F5	Texas Instruments
A4:B1:97	Apple, Inc.
A4:B8:05	Apple, Inc.
A4:C3:37	Apple, Inc.
A4:C3:4E	Texas Instruments
A4:C3:61	Apple, Inc.
A4:C6:F0	Apple, Inc.
A4:CF:12	Espressif Inc.
A4:CF:99	Apple, Inc.
A4:D1:8C	Apple, Inc.
A4:D1:D2	Apple, Inc.
A4:D2:3E	Apple, Inc.
A4:D5:78	Texas Instruments
A4:D9:31	Apple, Inc.
A4:DA:32	Texas Instruments
A4:E5:7C	Espressif Inc.
A4:E9:75	Apple, Inc.
A4:F1:E8	Apple, Inc.
A4:F6:E8	Apple, Inc.
A4:F8:41	Apple, Inc.
A4:F9:21	Apple, Inc.
A4:FC:14	Apple, Inc.
A8:03:2A	Espressif Inc.
A8:10:87	Texas Instruments
A8:1A:F1	Apple, Inc.
A8:1B:6A	Texas Instruments
A8:20:66	Apple, Inc.
A8:42:E3	Espressif Inc.
A8:46:74	Espressif Inc.
A8:48:FA	Espressif Inc.
A8:4A:28	Apple, Inc.
A8:51:AB	Apple, Inc.
A8:5B:6C	Robert Bosch Gmbh, CM-CI2
A8:5B:78	Apple, Inc.
A8:5B:B7	Apple, Inc.
A8:5C:2C	Apple, Inc.
A8:60:B6	Apple, Inc.
A8:63:F2	Texas Instruments
A8:66:7F	Apple, Inc.
A8:7C:F8	Apple, Inc.
A8:80:55	Tuya Smart Inc.
A8:81:7E	Apple, Inc.
A8:86:DD	Apple, Inc.
A8:88:08	Apple, Inc.
A8:8E:24	Apple, Inc.
A8:8F:D9	Apple, Inc.
A8:91:3D	Apple, Inc.
A8:96:8A	Apple, Inc.
A8:9C:78	Apple, Inc.
A8:AB:B5	Apple, Inc.
A8:BB:56	Apple, Inc.
A8:BB:CF	Apple, Inc.
A8:BE:27	Apple, Inc.
A8:CA:77	Amazon Technologies Inc.
A8:E2:C1	Texas Instruments
A8:E6:21	Amazon Technologies Inc.
A8:E7:7D	Texas Instruments
A8:F8:C9	NXP Semiconductor (Tianjin) LTD.
A8:FA:D8	Apple, Inc.
A8:FE:9D	Apple, Inc.
AC:00:7A	Apple, Inc.
AC:07:75	Apple, Inc.
AC:0B:FB	Espressif Inc.
AC:15:18	Espressif Inc.
AC:15:F4	Apple, Inc.
AC:16:15	Apple, Inc.
AC:1C:26	Hangzhou Ezviz Software Co.,Ltd.
AC:1D:06	Apple, Inc.
AC:1F:0F	Texas Instruments
AC:1F:74	Apple, Inc.
AC:29:3A	Apple, Inc.
AC:3B:96	NXP Semiconductor (Tianjin) LTD.
AC:3C:0B	Apple, Inc.
AC:3E:B1	Google, Inc.
AC:41:6A	Amazon Technologies Inc.
AC:45:00	Apple, Inc.
AC:49:DB	Apple, Inc.
AC:4D:16	Texas Instruments
AC:5C:2C	Apple, Inc.
AC:61:EA	Apple, Inc.
AC:63:BE	Amazon Technologies Inc.
AC:67:84	Google, Inc.
AC:67:B2	Espressif Inc.
AC:77:13	Honeywell Safety Products (Shanghai) Co.,Ltd
AC:7F:3E	Apple, Inc.
AC:86:A3	Apple, Inc.
AC:87:A3	Apple, Inc.
AC:88:FD	Apple, Inc.
AC:90:85	Apple, Inc.
AC:97:38	Apple, Inc.
AC:9A:22	NXP Semiconductors
AC:BC:32	Apple, Inc.
AC:BC:B5	Apple, Inc.
AC:C9:06	Apple, Inc.
AC:CC:FC	Amazon Technologies Inc.
AC:CF:5C	Apple, Inc.
AC:D0:74	Espressif Inc.
AC:DF:A1	Apple, Inc.
AC:E4:B5	Apple, Inc.
AC:FD:EC	Apple, Inc.
B0:10:A0	Texas Instruments
B0:18:31	Apple, Inc.
B0:19:C6	Apple, Inc.
B0:2A:43	Google, Inc.
B0:34:95	Apple, Inc.
B0:35:B5	Apple, Inc.
B0:3F:64	Apple, Inc.
B0:44:9C	Assa Abloy AB - Yale
B0:48:1A	Apple, Inc.
B0:52:46	NXP Semiconductor (Tianjin) LTD.
B0:65:BD	Apple, Inc.
B0:67:B5	Apple, Inc.
B0:6A:41	Google, Inc.
B0:70:2D	Apple, Inc.
B0:73:9C	Amazon Technologies Inc.
B0:7E:11	Texas Instruments
B0:81:84	Espressif Inc.
B0:8B:A8	Amazon Technologies Inc.
B0:8C:75	Apple, Inc.
B0:91:22	Texas Instruments
B0:92:00	Apple, Inc.
B0:9F:BA	Apple, Inc.
B0:A7:32	Espressif Inc.
B0:B1:13	Texas Instruments
B0:B2:1C	Espressif Inc.
B0:B4:48	Texas Instruments
B0:BE:83	Apple, Inc.
B0:C7:DE	Silicon Laboratories
B0:CA:68	Apple, Inc.
B0:CF:CB	Amazon Technologies Inc.
B0:D2:78	Texas Instruments
B0:D5:76	Apple, Inc.
B0:D5:CC	Texas Instruments
B0:DE:28	Apple, Inc.
B0:E4:D5	Google, Inc.
B0:E5:EF	Apple, Inc.
B0:E5:F9	Apple, Inc.
B0:F1:D8	Apple, Inc.
B0:F7:C4	Amazon Technologies Inc.
B0:FC:0D	Amazon Technologies Inc.
B4:10:7A	Amazon Technologies Inc.
B4:10:7B	Texas Instruments
B4:13:24	Google, Inc.
B4:18:D1	Apple, Inc.
B4:19:74	Apple, Inc.
B4:1B:B0	Apple, Inc.
B4:23:A2	Google, Inc.
B4:35:22	Silicon Laboratories
B4:3A:31	Silicon Laboratories
B4:3A:45	Espressif Inc.
B4:3D:6B	NXP Semiconductor (Tianjin) LTD.
B4:40:A4	Apple, Inc.
B4:4B:D2	Apple, Inc.
B4:52:A9	Texas Instruments
B4:56:E3	Apple, Inc.
B4:59:76	Apple, Inc.
B4:75:0E	Belkin International Inc.
B4:7C:9C	Amazon Technologies Inc.
B4:85:E1	Apple, Inc.
B4:8A:0A	Espressif Inc.
B4:8B:19	Apple, Inc.
B4:96:A5	Apple, Inc.
B4:99:4C	Texas Instruments
B4:9C:DF	Apple, Inc.
B4:AC:9D	Texas Instruments
B4:AE:C1	Apple, Inc.
B4:B7:42	Amazon Technologies Inc.
B4:BC:7C	Texas Instruments
B4:E3:F9	Silicon Laboratories
B4:E4:54	Amazon Technologies Inc.
B4:E6:2D	Espressif Inc.
B4:EE:D4	Texas Instruments
B4:F0:AB	Apple, Inc.
B4:F6:1C	Apple, Inc.
B4:FA:48	Apple, Inc.
B8:06:0D	Tuya Smart Inc.
B8:09:8A	Apple, Inc.
B8:14:4D	Apple, Inc.
B8:17:C2	Apple, Inc.
B8:21:1C	Apple, Inc.
B8:22:0C	Apple, Inc.
B8:2A:A9	Apple, Inc.
B8:2C:A0	Resideo
B8:37:4A	Apple, Inc.
B8:3C:28	Apple, Inc.
B8:3D:F6	Texas Instruments
B8:41:A4	Apple, Inc.
B8:44:D9	Apple, Inc.
B8:45:EB	Apple, Inc.
B8:49:6D	Apple, Inc.
B8:53:AC	Apple, Inc.
B8:5D:0A	Apple, Inc.
B8:5F:98	Amazon Technologies Inc.
B8:63:4D	Apple, Inc.
B8:78:2E	Apple, Inc.
B8:7B:C5	Apple, Inc.
B8:7B:D4	Google, Inc.
B8:7C:6F	NXP (China) Management Ltd.
B8:80:4F	Texas Instruments
B8:81:FA	Apple, Inc.
B8:8D:12	Apple, Inc.
B8:90:47	Apple, Inc.
B8:94:D9	Texas Instruments
B8:B2:F8	Apple, Inc.
B8:C1:11	Apple, Inc.
B8:C7:5D	Apple, Inc.
B8:D6:1A	Espressif Inc.
B8:DB:38	Google, Inc.
B8:E6:0C	Apple, Inc.
B8:E8:56	Apple, Inc.
B8:F0:09	Espressif Inc.
B8:F1:2A	Apple, Inc.
B8:F6:B1	Apple, Inc.
B8:F8:62	Espressif Inc.
B8:FF:61	Apple, Inc.
B8:FF:FE	Texas Instruments
BC:02:6E	Silicon Laboratories
BC:09:63	Apple, Inc.
BC:0D:A5	Texas Instruments
BC:33:AC	Silicon Laboratories
BC:37:D3	Apple, Inc.
BC:3B:AF	Apple, Inc.
BC:4C:C4	Apple, Inc.
BC:52:B7	Apple, Inc.
BC:54:36	Apple, Inc.
BC:67:78	Apple, Inc.
BC:6A:29	Texas Instruments
BC:6C:21	Apple, Inc.
BC:80:4E	Apple, Inc.
BC:89:A7	Apple, Inc.
BC:8D:7E	Silicon Laboratories
BC:90:3A	Robert Bosch GmbH
BC:92:6B	Apple, Inc.
BC:9F:58	Apple, Inc.
BC:9F:EF	Apple, Inc.
BC:A5:A9	Apple, Inc.
BC:A9:20	Apple, Inc.
BC:B4:FD	NXP Semiconductor (Tianjin) LTD.
BC:B8:63	Apple, Inc.
BC:BB:58	Apple, Inc.
BC:D0:74	Apple, Inc.
BC:DD:C2	Espressif Inc.
BC:DF:58	Google, Inc.
BC:E1:43	Apple, Inc.
BC:EC:5D	Apple, Inc.
BC:FE:D9	Apple, Inc.
BC:FF:4D	Espressif Inc.
C0:17:54	Apple, Inc.
C0:1A:DA	Apple, Inc.
C0:1C:6A	Google, Inc.
C0:2C:5C	Apple, Inc.
C0:2C:ED	Silicon Laboratories
C0:44:42	Apple, Inc.
C0:49:EF	Espressif Inc.
C0:4A:0E	Texas Instruments
C0:4E:30	Espressif Inc.
C0:56:27	Belkin International Inc.
C0:5D:89	Espressif Inc.
C0:5F:87	Legrand INTELLIGENT ELECTRICAL(HUIZHOU)CO.,LTD.
C0:63:80	Texas Instruments
C0:63:94	Apple, Inc.
C0:6C:0C	Apple, Inc.
C0:84:7A	Apple, Inc.
C0:8D:51	Amazon Technologies Inc.
C0:91:B9	Amazon Technologies Inc.
C0:95:6D	Apple, Inc.
C0:95:CF	Amazon Technologies Inc.
C0:95:DA	NXP India Private Limited
C0:9A:D0	Apple, Inc.
C0:9F:42	Apple, Inc.
C0:A5:3E	Apple, Inc.
C0:A6:00	Apple, Inc.
C0:B2:2F	Apple, Inc.
C0:B6:58	Apple, Inc.
C0:C7:DB	Apple, Inc.
C0:CC:F8	Apple, Inc.
C0:CE:CD	Apple, Inc.
C0:D0:12	Apple, Inc.
C0:D6:0A	Texas Instruments
C0:E4:22	Texas Instruments
C0:E8:62	Apple, Inc.
C0:F2:FB	Apple, Inc.
C0:F8:53	Tuya Smart Inc.
C4:0B:31	Apple, Inc.
C4:12:34	Apple, Inc.
C4:14:11	Apple, Inc.
C4:29:96	Signify B.V.
C4:2A:D0	Apple, Inc.
C4:2C:03	Apple, Inc.
C4:35:D9	Apple, Inc.
C4:41:1E	Belkin International Inc.
C4:4F:33	Espressif Inc.
C4:52:4F	Apple, Inc.
C4:57:46	Texas Instruments
C4:5B:BE	Espressif Inc.
C4:61:8B	Apple, Inc.
C4:64:E3	Texas Instruments
C4:7D:A8	NXP Semiconductor (Tianjin) LTD.
C4:82:E1	Tuya Smart Inc.
C4:84:66	Apple, Inc.
C4:84:FC	Apple, Inc.
C4:91:0C	Apple, Inc.
C4:95:00	Amazon Technologies Inc.
C4:98:80	Apple, Inc.
C4:AC:AA	Apple, Inc.
C4:B3:01	Apple, Inc.
C4:B3:49	Apple, Inc.
C4:BE:84	Texas Instruments
C4:C1:7D	Apple, Inc.
C4:C3:6B	Apple, Inc.
C4:D3:6A	Texas Instruments
C4:D8:C8	Silicon Laboratories
C4:D8:D5	Espressif Inc.
C4:DD:57	Espressif Inc.
C4:DE:E2	Espressif Inc.
C4:ED:BA	Texas Instruments
C4:EF:DA	Honeywell
C4:F3:12	Texas Instruments
C4:F7:C1	Apple, Inc.
C8:1E:E7	Apple, Inc.
C8:1F:E8	Apple, Inc.
C8:2A:14	Apple, Inc.
C8:2A:DD	Google, Inc.
C8:2B:96	Espressif Inc.
C8:2E:18	Espressif Inc.
C8:33:4B	Apple, Inc.
C8:3C:85	Apple, Inc.
C8:3E:99	Texas Instruments
C8:69:CD	Apple, Inc.
C8:6C:3D	Amazon Technologies Inc.
C8:6F:1D	Apple, Inc.
C8:85:50	Apple, Inc.
C8:89:F3	Apple, Inc.
C8:A0:30	Texas Instruments
C8:B1:CD	Apple, Inc.
C8:B5:B7	Apple, Inc.
C8:BC:C8	Apple, Inc.
C8:C9:A3	Espressif Inc.
C8:D0:83	Apple, Inc.
C8:DF:84	Texas Instruments
C8:E0:EB	Apple, Inc.
C8:F0:9E	Espressif Inc.
C8:F6:50	Apple, Inc.
C8:FD:19	Texas Instruments
CC:03:7B	Texas Instruments
CC:08:8D	Apple, Inc.
CC:08:E0	Apple, Inc.
CC:08:FA	Apple, Inc.
CC:11:5A	Apple, Inc.
CC:20:E8	Apple, Inc.
CC:25:EF	Apple, Inc.
CC:27:46	Apple, Inc.
CC:29:F5	Apple, Inc.
CC:2D:B7	Apple, Inc.
CC:33:31	Texas Instruments
CC:3F:36	Apple, Inc.
CC:44:63	Apple, Inc.
CC:45:A5	Texas Instruments
CC:4B:04	Apple, Inc.
CC:50:E3	Espressif Inc.
CC:60:23	Apple, Inc.
CC:66:0A	Apple, Inc.
CC:68:E0	Apple, Inc.
CC:69:FA	Apple, Inc.
CC:78:5F	Apple, Inc.
CC:78:AB	Texas Instruments
CC:7B:5C	Espressif Inc.
CC:81:7D	Apple, Inc.
CC:86:EC	Silicon Laboratories
CC:8C:BF	Tuya Smart Inc.
CC:8C:E3	Texas Instruments
CC:8D:A2	Espressif Inc.
CC:9E:A2	Amazon Technologies Inc.
CC:A7:C1	Google, Inc.
CC:B5:4C	Texas Instruments
CC:BA:97	Espressif Inc.
CC:C7:60	Apple, Inc.
CC:C9:5D	Apple, Inc.
CC:CC:CC	Silicon Laboratories
CC:D2:81	Apple, Inc.
CC:DA:B5	Texas Instruments
CC:DB:A7	Espressif Inc.
CC:DD:58	Robert Bosch GmbH
CC:F4:11	Google, Inc.
CC:F7:35	Amazon Technologies Inc.
D0:03:4B	Apple, Inc.
D0:03:EB	Texas Instruments
D0:07:90	Texas Instruments
D0:11:E5	Apple, Inc.
D0:23:DB	Apple, Inc.
D0:25:98	Apple, Inc.
D0:2B:20	Apple, Inc.
D0:2E:AB	Texas Instruments
D0:33:11	Apple, Inc.
D0:37:61	Texas Instruments
D0:39:72	Texas Instruments
D0:3E:07	Apple, Inc.
D0:3F:AA	Apple, Inc.
D0:4D:86	Apple, Inc.
D0:4F:7E	Apple, Inc.
D0:58:A5	Apple, Inc.
D0:5F:B8	Texas Instruments
D0:65:44	Apple, Inc.
D0:6B:78	Apple, Inc.
D0:81:7A	Apple, Inc.
D0:88:0C	Apple, Inc.
D0:8C:B5	Texas Instruments
D0:A6:37	Apple, Inc.
D0:B4:98	Robert Bosch LLC Automotive Electronics
D0:B5:C2	Texas Instruments
D0:C0:50	Apple, Inc.
D0:C5:F3	Apple, Inc.
D0:D2:3C	Apple, Inc.
D0:D2:B0	Apple, Inc.
D0:D4:9F	Apple, Inc.
D0:DA:D7	Apple, Inc.
D0:E1:40	Apple, Inc.
D0:E5:81	Apple, Inc.
D0:EF:76	Espressif Inc.
D0:FF:50	Texas Instruments
D4:06:0F	Texas Instruments
D4:0F:9E	Apple, Inc.
D4:19:F6	NXP Semiconductor (Tianjin) LTD.
D4:2F:CA	Apple, Inc.
D4:36:39	Texas Instruments
D4:3A:2C	Google, Inc.
D4:46:E1	Apple, Inc.
D4:48:67	Silicon Laboratories
D4:57:63	Apple, Inc.
D4:61:9D	Apple, Inc.
D4:61:DA	Apple, Inc.
D4:68:AA	Apple, Inc.
D4:8A:FC	Espressif Inc.
D4:8C:49	Espressif Inc.
D4:90:9C	Apple, Inc.
D4:91:0F	Amazon Technologies Inc.
D4:94:A1	Texas Instruments
D4:9A:20	Apple, Inc.
D4:A3:3D	Apple, Inc.
D4:A6:51	Tuya Smart Inc.
D4:D4:DA	Espressif Inc.
D4:DC:CD	Apple, Inc.
D4:E9:5E	Texas Instruments
D4:F4:6F	Apple, Inc.
D4:F5:13	Texas Instruments
D4:F5:47	Google, Inc.
D4:F9:8D	Espressif Inc.
D4:FB:8E	Apple, Inc.
D4:FE:28	Silicon Laboratories
D8:00:4D	Apple, Inc.
D8:06:D1	Honeywell Fire System (Shanghai) Co,. Ltd.
D8:13:2A	Espressif Inc.
D8:1C:79	Apple, Inc.
D8:1D:72	Apple, Inc.
D8:1F:12	Tuya Smart Inc.
D8:30:62	Apple, Inc.
D8:3B:DA	Espressif Inc.
D8:47:8F	Microchip Technology Inc.
D8:4C:90	Apple, Inc.
D8:54:3A	Texas Instruments
D8:6C:63	Google, Inc.
D8:71:4D	Texas Instruments
D8:74:75	Apple, Inc.
D8:7A:3B	Silicon Laboratories
D8:80:39	Microchip Technology Inc.
D8:8C:79	Google, Inc.
D8:8F:76	Apple, Inc.
D8:95:2F	Texas Instruments
D8:96:95	Apple, Inc.
D8:9E:3F	Apple, Inc.
D8:A0:1D	Espressif Inc.
D8:A2:5E	Apple, Inc.
D8:A9:8B	Texas Instruments
D8:B6:73	Texas Instruments
D8:BB:2C	Apple, Inc.
D8:BC:38	Espressif Inc.
D8:BE:1F	Apple, Inc.
D8:BE:65	Amazon Technologies Inc.
D8:BF:C0	Espressif Inc.
D8:C8:0C	Tuya Smart Inc.
D8:CF:9C	Apple, Inc.
D8:D1:CB	Apple, Inc.
D8:D6:68	Tuya Smart Inc.
D8:DC:40	Apple, Inc.
D8:DD:FD	Texas Instruments
D8:DE:3A	Apple, Inc.
D8:E5:93	Apple, Inc.
D8:EB:46	Google, Inc.
D8:EC:5E	Belkin International Inc.
D8:F1:5B	Espressif Inc.
D8:FB:D6	Amazon Technologies Inc.
DA:A1:19	Google, Inc.
DC:06:75	Espressif Inc.
DC:08:0F	Apple, Inc.
DC:0C:5C	Apple, Inc.
DC:10:57	Apple, Inc.
DC:1E:D5	Espressif Inc.
DC:2B:2A	Apple, Inc.
DC:2B:61	Apple, Inc.
DC:2F:FA	GE Lighting
DC:37:14	Apple, Inc.
DC:41:5F	Apple, Inc.
DC:45:B8	Apple, Inc.
DC:4F:22	Espressif Inc.
DC:52:85	Apple, Inc.
DC:53:92	Apple, Inc.
DC:54:75	Espressif Inc.
DC:54:D7	Amazon Technologies Inc.
DC:56:E7	Apple, Inc.
DC:6D:BC	Apple, Inc.
DC:71:D0	Apple, Inc.
DC:80:84	Apple, Inc.
DC:86:D8	Apple, Inc.
DC:8E:95	Silicon Laboratories
DC:91:BF	Amazon Technologies Inc.
DC:95:66	Apple, Inc.
DC:9B:9C	Apple, Inc.
DC:9E:8F	Apple, Inc.
DC:A0:D0	Amazon Technologies Inc.
DC:A4:CA	Apple, Inc.
DC:A9:04	Apple, Inc.
DC:B3:B4	Honeywell Environmental & Combustion Controls (Tianjin) Co., Ltd.
DC:B5:4F	Apple, Inc.
DC:BE:04	Texas Instruments
DC:C0:EB	Assa Abloy Côte Picarde
DC:CD:66	NXP Semiconductor (Tianjin) LTD.
DC:D3:A2	Apple, Inc.
DC:DA:0C	Espressif Inc.
DC:E5:5B	Google, Inc.
DC:F3:1C	Texas Instruments
DC:F4:CA	Apple, Inc.
E0:2B:96	Apple, Inc.
E0:33:8E	Apple, Inc.
E0:51:24	NXP Semiconductors
E0:5A:1B	Espressif Inc.
E0:5F:45	Apple, Inc.
E0:62:34	Texas Instruments
E0:66:78	Apple, Inc.
E0:6D:17	Apple, Inc.
E0:79:8D	Silicon Laboratories
E0:7D:EA	Texas Instruments
E0:89:7E	Apple, Inc.
E0:92:5C	Apple, Inc.
E0:92:8F	Texas Instruments
E0:98:06	Espressif Inc.
E0:AC:CB	Apple, Inc.
E0:B5:2D	Apple, Inc.
E0:B5:5F	Apple, Inc.
E0:B7:63	Bosch Automotive Products (Suzhou) Co., Ltd. Changzhou Branch
E0:B9:BA	Apple, Inc.
E0:BD:A0	Apple, Inc.
E0:BF:B2	Apple, Inc.
E0:C3:EA	Apple, Inc.
E0:C7:67	Apple, Inc.
E0:C7:9D	Texas Instruments
E0:C9:7A	Apple, Inc.
E0:CB:1D	Amazon Technologies Inc.
E0:D7:BA	Texas Instruments
E0:E2:E6	Espressif Inc.
E0:E5:CF	Texas Instruments
E0:EB:40	Apple, Inc.
E0:F5:C6	Apple, Inc.
E0:F7:28	Amazon Technologies Inc.
E0:F8:47	Apple, Inc.
E0:FF:F1	Texas Instruments
E4:06:BF	Silicon Laboratories
E4:15:F6	Texas Instruments
E4:25:E7	Apple, Inc.
E4:2B:34	Apple, Inc.
E4:50:EB	Apple, Inc.
E4:52:1E	Texas Instruments
E4:5D:39	Texas Instruments
E4:5E:1B	Google, Inc.
E4:65:B8	Espressif Inc.
E4:76:84	Apple, Inc.
E4:8B:7F	Apple, Inc.
E4:90:FD	Apple, Inc.
E4:98:D6	Apple, Inc.
E4:9A:79	Apple, Inc.
E4:9A:DC	Apple, Inc.
E4:9C:67	Apple, Inc.
E4:B0:63	Espressif Inc.
E4:B2:FB	Apple, Inc.
E4:B3:23	Espressif Inc.
E4:C6:3D	Apple, Inc.
E4:CE:8F	Apple, Inc.
E4:E0:A6	Apple, Inc.
E4:E1:12	Texas Instruments
E4:E4:AB	Apple, Inc.
E4:F0:42	Google, Inc.
E4:F5:8E	Schneider Electric USA
E4:FA:5B	Texas Instruments
E8:04:0B	Apple, Inc.
E8:06:88	Apple, Inc.
E8:06:90	Espressif Inc.
E8:1C:D8	Apple, Inc.
E8:31:CD	Espressif Inc.
E8:36:17	Apple, Inc.
E8:4A:78	Apple, Inc.
E8:4C:4A	Amazon Technologies Inc.
E8:5F:02	Apple, Inc.
E8:68:E7	Espressif Inc.
E8:6B:EA	Espressif Inc.
E8:78:65	Apple, Inc.
E8:7F:95	Apple, Inc.
E8:80:2E	Apple, Inc.
E8:81:52	Apple, Inc.
E8:85:4B	Apple, Inc.
E8:8D:28	Apple, Inc.
E8:9F:6D	Espressif Inc.
E8:9F:80	Belkin International Inc.
E8:A7:30	Apple, Inc.
E8:B2:AC	Apple, Inc.
E8:D5:2B	Google, Inc.
E8:D8:7E	Amazon Technologies Inc.
E8:DB:84	Espressif Inc.
E8:E0:7E	Silicon Laboratories
E8:EB:11	Texas Instruments
E8:EB:1B	Microchip Technology Inc.
E8:FB:E9	Apple, Inc.
E8:FF:F4	Apple, Inc.
EC:09:C9	Texas Instruments
EC:0D:51	Apple, Inc.
EC:0D:E4	Amazon Technologies Inc.
EC:11:27	Texas Instruments
EC:1A:59	Belkin International Inc.
EC:1B:BD	Silicon Laboratories
EC:24:B8	Texas Instruments
EC:26:51	Apple, Inc.
EC:28:D3	Apple, Inc.
EC:2B:EB	Amazon Technologies Inc.
EC:2C:73	Apple, Inc.
EC:2C:E2	Apple, Inc.
EC:35:86	Apple, Inc.
EC:42:CC	Apple, Inc.
EC:46:54	Apple, Inc.
EC:62:60	Espressif Inc.
EC:64:C9	Espressif Inc.
EC:73:79	Apple, Inc.
EC:81:50	Apple, Inc.
EC:85:2F	Apple, Inc.
EC:8A:C4	Amazon Technologies Inc.
EC:94:CB	Espressif Inc.
EC:97:A2	Apple, Inc.
EC:97:E0	Hangzhou Ezviz Software Co.,Ltd.
EC:9A:34	Texas Instruments
EC:A1:38	Amazon Technologies Inc.
EC:A9:07	Apple, Inc.
EC:AD:B8	Apple, Inc.
EC:B5:FA	Philips Lighting BV
EC:BF:D0	Texas Instruments
EC:C9:FF	Espressif Inc.
EC:CE:D7	Apple, Inc.
EC:DA:3B	Espressif Inc.
EC:E3:34	Espressif Inc.
EC:F6:4C	Silicon Laboratories
EC:FA:BC	Espressif Inc.
EC:FF:3A	Apple, Inc.
F0:04:E1	Apple, Inc.
F0:08:D1	Espressif Inc.
F0:10:A5	Texas Instruments
F0:18:98	Apple, Inc.
F0:1F:C7	Apple, Inc.
F0:24:75	Apple, Inc.
F0:24:F9	Espressif Inc.
F0:27:2D	Amazon Technologies Inc.
F0:27:A0	Apple, Inc.
F0:2F:4B	Apple, Inc.
F0:2F:9E	Amazon Technologies Inc.
F0:45:DA	Texas Instruments
F0:4A:3D	Bosch Thermotechnik GmbH
F0:4F:7C	Amazon Technologies Inc.
F0:54:94	Honeywell Connected Building
F0:5C:77	Google, Inc.
F0:5C:D5	Apple, Inc.
F0:5E:CD	Texas Instruments
F0:72:EA	Google, Inc.
F0:74:BF	Silicon Laboratories
F0:76:6F	Apple, Inc.
F0:78:07	Apple, Inc.
F0:79:60	Apple, Inc.
F0:81:73	Amazon Technologies Inc.
F0:82:C0	Silicon Laboratories
F0:98:9D	Apple, Inc.
F0:99:B6	Apple, Inc.
F0:99:BF	Apple, Inc.
F0:9E:9E	Espressif Inc.
F0:A2:25	Amazon Technologies Inc.
F0:A3:5A	Apple, Inc.
F0:B0:E7	Apple, Inc.
F0:B3:EC	Apple, Inc.
F0:B4:79	Apple, Inc.
F0:B5:D1	Texas Instruments
F0:C1:F1	Apple, Inc.
F0:C3:71	Apple, Inc.
F0:C7:25	Apple, Inc.
F0:C7:7F	Texas Instruments
F0:CB:A1	Apple, Inc.
F0:D1:A9	Apple, Inc.
F0:D2:F1	Amazon Technologies Inc.
F0:D3:1F	Apple, Inc.
F0:D6:35	Apple, Inc.
F0:D7:93	Apple, Inc.
F0:DB:E2	Apple, Inc.
F0:DB:F8	Apple, Inc.
F0:DC:E2	Apple, Inc.
F0:EE:7A	Apple, Inc.
F0:EF:86	Google, Inc.
F0:F0:A4	Amazon Technologies Inc.
F0:F5:BD	Espressif Inc.
F0:F6:1C	Apple, Inc.
F0:F8:F2	Texas Instruments
F0:FD:45	Silicon Laboratories
F4:03:04	Google, Inc.
F4:03:2A	Amazon Technologies Inc.
F4:06:16	Apple, Inc.
F4:0E:01	Apple, Inc.
F4:0F:24	Apple, Inc.
F4:12:FA	Espressif Inc.
F4:1B:A1	Apple, Inc.
F4:21:CA	Apple, Inc.
F4:31:C3	Apple, Inc.
F4:34:F0	Apple, Inc.
F4:37:B7	Apple, Inc.
F4:39:A6	Apple, Inc.
F4:52:93	Apple, Inc.
F4:5C:89	Apple, Inc.
F4:5E:AB	Texas Instruments
F4:60:77	Texas Instruments
F4:63:5A	NXP Semiconductor (Tianjin) LTD.
F4:65:0B	Espressif Inc.
F4:65:A6	Apple, Inc.
F4:84:4C	Texas Instruments
F4:A3:10	Apple, Inc.
F4:AF:E7	Apple, Inc.
F4:B3:B1	Silicon Laboratories
F4:B8:5E	Texas Instruments
F4:B8:98	Texas Instruments
F4:BE:EC	Apple, Inc.
F4:CB:E7	Apple, Inc.
F4:CE:36	Nordic Semiconductor ASA
F4:CF:A2	Espressif Inc.
F4:D4:88	Apple, Inc.
F4:DB:E3	Apple, Inc.
F4:E1:1E	Texas Instruments
F4:E8:C7	Apple, Inc.
F4:F1:5A	Apple, Inc.
F4:F5:D8	Google, Inc.
F4:F5:E8	Google, Inc.
F4:F9:51	Apple, Inc.
F4:FC:32	Texas Instruments
F4:FE:3E	Apple, Inc.
F8:03:77	Apple, Inc.
F8:0F:F9	Google, Inc.
F8:10:93	Apple, Inc.
F8:17:2D	Tuya Smart Inc.
F8:1A:2B	Google, Inc.
F8:1E:DF	Apple, Inc.
F8:27:93	Apple, Inc.
F8:2D:7C	Apple, Inc.
F8:2E:0C	Texas Instruments
F8:30:02	Texas Instruments
F8:33:31	Texas Instruments
F8:36:9B	Texas Instruments
F8:38:80	Apple, Inc.
F8:42:88	Apple, Inc.
F8:44:77	Silicon Laboratories
F8:4D:89	Apple, Inc.
F8:4E:73	Apple, Inc.
F8:54:B8	Amazon Technologies Inc.
F8:55:48	Texas Instruments
F8:62:14	Apple, Inc.
F8:66:5A	Apple, Inc.
F8:6F:C1	Apple, Inc.
F8:71:A6	Apple, Inc.
F8:73:DF	Apple, Inc.
F8:7D:76	Apple, Inc.
F8:87:F1	Apple, Inc.
F8:8A:5E	Texas Instruments
F8:8F:CA	Google, Inc.
F8:91:6F	Texas Instruments
F8:95:EA	Apple, Inc.
F8:B1:DD	Apple, Inc.
F8:B3:B7	Espressif Inc.
F8:C3:CC	Apple, Inc.
F8:E5:CE	Apple, Inc.
F8:E9:4E	Apple, Inc.
F8:F5:8C	Apple, Inc.
F8:FB:90	Texas Instruments
F8:FC:E1	Amazon Technologies Inc.
F8:FF:C2	Apple, Inc.
FC:01:2C	Espressif Inc.
FC:0F:4B	Texas Instruments
FC:0F:E7	Microchip Technology Inc.
FC:18:3C	Apple, Inc.
FC:1D:43	Apple, Inc.
FC:25:3F	Apple, Inc.
FC:2A:9C	Apple, Inc.
FC:31:5D	Apple, Inc.
FC:3C:D7	Tuya Smart Inc.
FC:41:16	Google, Inc.
FC:45:C3	Texas Instruments
FC:47:D8	Apple, Inc.
FC:49:2D	Amazon Technologies Inc.
FC:4D:6A	Silicon Laboratories
FC:4E:A4	Apple, Inc.
FC:55:57	Apple, Inc.
FC:65:DE	Amazon Technologies Inc.
FC:66:CF	Apple, Inc.
FC:67:1F	Tuya Smart Inc.
FC:69:47	Texas Instruments
FC:91:5D	Google, Inc.
FC:9C:A7	Apple, Inc.
FC:A1:83	Amazon Technologies Inc.
FC:A5:C8	Apple, Inc.
FC:A6:67	Amazon Technologies Inc.
FC:A8:9B	Texas Instruments
FC:AA:81	Apple, Inc.
FC:B4:67	Espressif Inc.
FC:B6:D8	Apple, Inc.
FC:C2:3D	Atmel Corporation
FC:D6:BD	Robert Bosch GmbH
FC:D7:49	Amazon Technologies Inc.
FC:D8:48	Apple, Inc.
FC:DE:C5	Texas Instruments
FC:E2:6C	Apple, Inc.
FC:E8:C0	Espressif Inc.
FC:E9:98	Apple, Inc.
FC:E9:D8	Amazon Technologies Inc.
FC:F5:C4	Espressif Inc.
FC:FC:48	Apple, Inc.
